매입임대고유번호,자치구,법정동,지번,대지면적_m2,건폐율_pct,용적률_pct,주택형태,노후년수,임대세대수,지형높이,지형형상,도로접면,OSC공법유형
1927,송파구,풍납동,89-20,188.00,56.69,143.87,단독주택,27.0,6,평지,세로장방,세로한면(가),소형
1928,송파구,풍납동,142-56,,,,,,,평지,정방형,세로한면(가),소형
1929,송파구,풍납동,277-11,96.85,59.35,157.54,단독주택,29.4,6,평지,자루형,세로한면(가),소형
1930,송파구,풍납동,277-12,,,,,,,평지,세로장방,세로한면(가),소형
1931,송파구,풍납동,398-14,181.00,53.67,161.29,공동주택,28.2,7,평지,정방형,세로한면(가),소형
1932,송파구,풍납동,400-4,,,,,,,평지,세로장방,세로한면(가),소형
2048,강동구,명이동,337-26,180.00,59.83,226.21,공동주택,21.5,7,평지,세로장방,세로한면(가),소형
2103,강동구,둔촌동,52-13,204.30,58.25,204.36,공동주택,20.1,7,평지,사다리형,중로한면,대형
2105,강동구,둔촌동,65-3,,,,,,,평지,세로장방,소로한면,중형
2109,강동구,둔촌동,439-1,160.40,52.11,100.66,단독주택,33.5,7,평지,세로장방,세로한면(불),소형
2113,강동구,둔촌동,457-3,,,,,,,평지,정방형,세로한면(가),소형
2119,강동구,암사동,437-21,166.00,59.13,148.71,단독주택,27.5,5,평지,부정형,소로한면,소형
2125,강동구,암사동,461-6,,,,,,,평지,세로장방,세로한면(가),소형
2131,강동구,암사동,478-52,166.00,59.99,201.64,공동주택,21.0,5,평지,사다리형,세로한면(가),소형
2147,강동구,성내동,136-18,,,,,,,평지,가로장방,세로한면(가),소형
2148,강동구,성내동,150-4,195.10,59.21,143.63,단독주택,27.5,6,평지,사다리형,세로각지(가),소형
2153,강동구,성내동,387-2,,,,,,,평지,세로장방,세로한면(불),소형
2155,강동구,성내동,405-21,216.60,48.86,76.72,단독주택,32.1,7,평지,자루형,세로한면(가),소형
2157,강동구,성내동,411-18,,,,,,,평지,가로장방,세로한면(가),소형
2158,강동구,성내동,423-60,230.10,53.27,145.52,단독주택,20.0,10,평지,자루형,소로한면,소형
2159,강동구,성내동,431-4,,,,,,,평지,세로장방,세로한면(가),소형
2160,강동구,성내동,433-7,205.00,59.99,168.33,단독주택,28.0,5,평지,세로장방,소로한면,중형
2161,강동구,성내동,435-32,,,,,,,평지,자루형,소로한면,소형
2166,강동구,성내동,519-3,182.30,59.74,182.79,공동주택,26.3,6,평지,세로장방,중로한면,대형
2168,강동구,천호동,18-18,,,,,,,평지,세로장방,세로한면(가),소형
2174,강동구,천호동,30-10,169.30,60.14,182.99,단독주택,24.0,8,평지,자루형,세로한면(가),소형
2175,강동구,천호동,36-3,172.10,54.98,103.96,단독주택,33.1,6,완경사,사다리형,세로한면(불),소형
2187,강동구,천호동,185-19,,,,,,,완경사,정방형,세로한면(가),소형
2190,강동구,천호동,228-7,350.50,59.95,102.04,단독주택,32.0,12,평지,사다리형,세로한면(가),소형
2194,강동구,천호동,289-11,,,,,,,평지,정방형,세로한면(가),소형
2199,강동구,천호동,294-15,86.00,59.68,195.91,공동주택,21.0,3,평지,정방형,세로한면(가),소형
2205,강동구,천호동,315-13,,,,,,,평지,세로장방,세로한면(가),소형
2210,강동구,천호동,389-10,165.90,56.85,163.27,단독주택,29.9,5,평지,사다리형,세로한면(가),소형
2213,강동구,천호동,555-2,,,,,,,완경사,사다리형,세로각지(불),소형
1920,송파구,잠실동,218-5,373.60,59.66,174.06,공동주택,28.9,7,평지,가로장방,세로한면(가),
1921,송파구,잠실동,226-2,,,,,,,평지,세로장방,세로한면(가),소형
1922,송파구,잠실동,226-15,192.50,59.86,237.59,공동주택,23.3,12,평지,세로장방,세로한면(가),소형
1924,송파구,잠실동,321-8,,,,,,,평지,세로장방,세로한면(가),소형
1926,송파구,잠실동,341-1,192.90,52.60,197.84,공동주택,22.9,12,평지,사다리형,세로한면(가),소형
1940,송파구,송파동,185-10,,,,,,,평지,세로장방,세로한면(가),소형
1941,송파구,석촌동,7-9,,,,,,,평지,세로장방,세로한면(가),소형
1942,송파구,석촌동,12-4,333.00,59.56,162.41,단독주택,27.3,11,평지,세로장방,소로한면,중형
1943,송파구,석촌동,52-2,,,,,,,평지,사다리형,세로한면(가),소형
1945,송파구,석촌동,77-4,,,,,,,평지,정방형,세로각지(가),소형
1946,송파구,석촌동,150-34,201.60,59.70,218.09,공동주택,21.8,10,평지,세로장방,세로한면(가),소형
1949,송파구,석촌동,233-9,,,,,,,평지,세로장방,세로한면(가),소형
1950,송파구,석촌동,234-8,202.40,59.94,177.46,단독주택,28.2,11,평지,세로장방,세로한면(가),소형
1951,송파구,석촌동,242-3,,,,,,,평지,세로장방,세로한면(가),소형
1957,송파구,삼전동,38-23,231.40,59.99,169.42,단독주택,27.2,9,평지,세로장방,세로한면(가),소형
1958,송파구,삼전동,41-12,,,,,,,평지,세로장방,세로한면(가),소형
1959,송파구,삼전동,50-1,224.22,59.81,174.47,단독주택,30.3,8,평지,세로장방,세로한면(가),소형
1960,송파구,삼전동,55-2,,,,,,,평지,세로장방,세로한면(가),소형
1961,송파구,삼전동,64-4,391.59,46.21,126.67,단독주택,22.1,12,평지,세로장방,세로한면(가),소형
1962,송파구,삼전동,168-6,,,,,,,평지,자루형,소로한면,소형
1964,송파구,가락동,4-2,210.00,71.09,225.73,공동주택,21.0,5,평지,세로장방,세로한면(가),소형
1968,송파구,가락동,129-4,,,,,,,평지,세로장방,세로한면(가),소형
1976,송파구,가락동,194-9,199.30,59.76,223.99,공동주택,21.3,9,평지,가로장방,세로한면(가),소형
1979,송파구,문정동,48-11,,,,,,,평지,정방형,세로한면(가),소형
1980,송파구,문정동,100-2,,,,,,,평지,가로장방,세로한면(가),
1981,송파구,문정동,110-16,,,,,,,평지,세로장방,세로한면(가),
1984,송파구,방이동,138-9,213.00,59.73,210.14,단독주택,24.2,10,평지,세로장방,세로한면(가),소형
1985,송파구,방이동,140-16,,,,,,,평지,세로장방,세로한면(가),소형
1986,송파구,방이동,145-37,261.40,59.89,201.77,공동주택,22.2,10,평지,세로장방,세로한면(가),소형
1990,송파구,방이동,162-17,,,,,,,평지,세로장방,세로한면(가),소형
1991,송파구,방이동,185-15,172.00,0.00,155.50,단독주택,34.6,10,평지,세로장방,세로한면(가),소형
1992,송파구,방이동,223-4,,,,,,,평지,자루형,소로한면,소형
1998,송파구,오금동,65-8,,,,,,,평지,사다리형,소로각지,중형
2006,송파구,오금동,119-3,247.00,59.92,164.87,단독주택,27.1,9,평지,사다리형,소로각지,중형
2007,송파구,오금동,120-22,,,,,,,평지,사다리형,세로한면(가),소형
2012,송파구,거여동,30-6,,,,,,,평지,정방형,세로한면(가),소형
2013,송파구,거여동,132-26,,,,,,,평지,정방형,세로한면(불),소형
2014,송파구,거여동,132-36,,,,,,,평지,사다리형,세로한면(가),소형
2015,송파구,거여동,133-1,89.60,50.99,104.11,단독주택,32.9,3,평지,사다리형,세로한면(가),소형
2016,송파구,거여동,133-58,,,,,,,평지,자루형,세로한면(가),소형
2017,송파구,거여동,136-99,0.00,59.60,96.87,단독주택,25.3,4,평지,세로장방,소로한면,중형
2018,송파구,거여동,225-81,,,,,,,평지,세로장방,세로한면(가),소형
2024,송파구,마천동,84-13,118.00,0.00,173.52,공동주택,38.6,4,평지,사다리형,세로한면(가),소형
2025,송파구,마천동,87-28,,,,,,,평지,사다리형,세로한면(가),
2026,송파구,마천동,88-2,,,,,,,평지,사다리형,소로한면,중형
2027,송파구,마천동,95-20,156.00,57.47,110.36,공동주택,21.9,7,평지,사다리형,세로한면(불),소형
2028,송파구,마천동,184-38,,,,,,,평지,사다리형,세로한면(가),소형
2029,송파구,마천동,190-38,152.00,0.00,231.56,단독주택,34.5,5,평지,세로장방,소로한면,
2030,송파구,마천동,193-6,,,,,,,평지,사다리형,세로한면(불),소형
2031,송파구,마천동,197-7,,,,,,,평지,가로장방,세로한면(가),소형
2032,송파구,마천동,207-12,,,,,,,평지,세로장방,세로한면(가),소형
2033,송파구,마천동,207-13,0.00,0.00,166.00,공동주택,37.6,1,평지,세로장방,세로한면(가),소형
2034,송파구,마천동,207-18,,,,,,,평지,가로장방,세로각지(가),소형
2036,송파구,마천동,277-21,,,,,,,평지,사다리형,세로각지(가),
2037,송파구,마천동,279-3,119.00,54.97,0.00,단독주택,27.4,5,평지,사다리형,광대세각,
2038,송파구,마천동,283-84,,,,,,,평지,사다리형,세로한면(가),소형
2039,송파구,마천동,308-20,155.00,55.43,202.84,단독주택,31.1,6,평지,사다리형,세로한면(가),소형
2040,송파구,마천동,309-20,,,,,,,평지,가로장방,세로한면(불),소형
2041,송파구,마천동,309-37,285.00,59.74,147.38,단독주택,31.0,1,평지,자루형,소로한면,소형
2042,송파구,마천동,312-10,,,,,,,평지,세로장방,세로한면(불),소형
2043,송파구,마천동,322-15,114.80,0.00,91.10,공동주택,38.2,5,평지,정방형,세로한면(가),소형
2044,송파구,마천동,323-182,,,,,,,평지,가로장방,세로한면(불),소형
2045,송파구,마천동,336-2,0.00,59.35,149.84,단독주택,31.4,5,완경사,세로장방,세로한면(불),
2046,송파구,마천동,347-1,,,,,,,완경사,정방형,세로각지(가),소형
2047,송파구,마천동,571-5,,,,,,,평지,사다리형,세로각지(가),소형
1803,서초구,방배동,527-8,169.00,54.43,138.87,단독주택,31.0,7,평지,사다리형,세로한면(가),소형
1805,서초구,방배동,593-56,278.00,40.92,122.75,단독주택,27.5,11,완경사,세로장방,세로한면(가),소형
1808,서초구,방배동,793-14,290.86,59.09,170.77,단독주택,29.5,13,평지,자루형,세로한면(가),소형
1809,서초구,방배동,829-7,170.90,58.98,158.15,단독주택,22.1,9,평지,정방형,세로한면(가),소형
1814,서초구,방배동,918-2,218.60,56.91,142.72,단독주택,29.0,16,평지,세로장방,소로한면,중형
1815,서초구,방배동,919-19,247.90,59.98,226.66,공동주택,21.7,16,평지,가로장방,세로각지(가),소형
1816,서초구,방배동,987-12,438.10,57.27,197.11,공동주택,20.5,7,평지,세로장방,소로한면,
1817,서초구,양장동,83-9,301.60,54.60,163.79,단독주택,28.5,12,평지,가로장방,세로한면(가),소형
1823,서초구,양장동,375-1,262.80,59.93,159.36,단독주택,29.9,19,평지,세로장방,세로한면(가),소형
1826,서초구,양장동,397-5,263.60,58.16,151.49,단독주택,32.1,8,평지,세로장방,세로한면(가),소형
1827,서초구,우면동,8-13,187.80,59.53,151.42,단독주택,27.2,9,평지,세로장방,세로각지(가),소형
1828,서초구,잠원동,11-9,170.70,56.40,144.99,단독주택,27.2,10,평지,자루형,세로한면(가),소형
1829,서초구,잠원동,29-16,258.60,59.62,221.83,공동주택,22.3,12,평지,가로장방,세로한면(가),소형
1831,서초구,잠원동,45-12,167.30,59.83,160.34,단독주택,32.1,10,평지,세로장방,세로한면(가),소형
1832,서초구,반포동,742-2,268.60,59.05,168.29,단독주택,27.9,16,평지,정방형,소로한면,중형
1833,서초구,서초동,1427-9,287.60,58.58,191.69,공동주택,23.7,20,평지,세로장방,세로한면(가),소형
1835,서초구,서초동,1428-6,307.30,58.37,161.82,단독주택,28.6,28,평지,자루형,소로한면,소형
1836,서초구,서초동,1430-6,195.90,59.62,150.74,단독주택,29.0,7,평지,사다리형,소로각지,중형
1837,서초구,서초동,1442-12,294.80,59.89,159.56,단독주택,24.1,9,평지,사다리형,세로한면(가),소형
1838,서초구,서초동,1451-28,203.30,59.16,232.20,단독주택,28.7,9,평지,세로장방,세로한면(가),소형
1841,서초구,서초동,1507-3,187.80,59.18,182.70,단독주택,22.8,10,평지,정방형,세로한면(가),소형
1842,서초구,서초동,1507-45,250.50,57.90,151.94,단독주택,29.2,16,평지,세로장방,세로한면(가),소형
1843,서초구,서초동,1508-12,204.40,59.01,216.26,공동주택,28.7,6,평지,세로장방,세로한면(가),소형
1844,서초구,서초동,1515-13,330.50,49.30,145.32,단독주택,29.6,12,평지,세로장방,세로한면(가),소형
1845,서초구,서초동,1610-10,330.40,49.94,99.88,단독주택,29.3,10,평지,부정형,세로한면(가),소형
1846,서초구,서초동,1612-8,330.00,49.50,99.01,단독주택,22.0,9,평지,세로장방,세로한면(가),소형
1847,서초구,서초동,1628-4,231.70,49.94,99.88,단독주택,30.5,10,평지,정방형,소로각지,중형
1848,서초구,서초동,1643-49,378.00,49.12,92.76,단독주택,21.3,7,평지,정방형,세로한면(가),소형
1849,서초구,염곡동,100-34,238.80,59.75,173.90,단독주택,23.5,12,평지,사다리형,세로각지(가),소형
1850,강남구,역삼동,672-22,244.70,59.93,162.62,단독주택,28.0,9,평지,가로장방,세로한면(가),소형
1851,강남구,역삼동,743-8,391.50,55.95,126.91,단독주택,28.2,16,평지,가로장방,세로한면(가),소형
1852,강남구,역삼동,747-8,334.10,41.31,144.33,,27.0,10,평지,세로장방,세로한면(가),소형
1858,강남구,역삼동,794-13,186.80,59.43,150.48,단독주택,27.9,9,평지,자루형,세로한면(가),소형
1859,강남구,역삼동,797-9,,,,,,,평지,정방형,세로한면(가),소형
1860,강남구,역삼동,834-70,0.00,0.00,0.00,공동주택,37.8,3,평지,자루형,세로한면(가),
1861,강남구,역삼동,834-71,222.79,49.34,96.74,공동주택,37.8,6,평지,자루형,세로한면(가),소형
1862,강남구,개포동,1173-4,117.00,68.20,102.72,공동주택,29.3,6,평지,세로장방,세로한면(가),소형
1864,강남구,개포동,1206-7,258.80,58.55,155.59,단독주택,31.6,15,평지,정방형,세로한면(가),소형
1865,강남구,개포동,1235-1,173.90,59.68,179.03,단독주택,30.2,12,평지,가로장방,세로한면(가),소형
1866,강남구,개포동,1237-14,279.50,59.55,170.65,단독주택,28.9,17,평지,세로장방,소로한면,중형
1870,강남구,청담동,11-6,200.40,59.95,174.57,단독주택,28.8,9,평지,정방형,세로한면(가),소형
1871,강남구,청담동,11-7,422.90,56.93,154.69,단독주택,28.0,13,평지,정방형,세로각지(가),소형
1872,강남구,청담동,20-6,272.10,53.62,138.24,단독주택,22.2,6,평지,자루형,세로한면(가),중형
1873,강남구,청담동,26-27,221.60,56.56,159.62,단독주택,28.2,7,평지,세로장방,세로한면(가),소형
1874,강남구,청담동,55-11,300.60,55.54,151.10,단독주택,27.1,10,평지,사다리형,세로한면(가),소형
1875,강남구,청담동,123-32,213.60,59.33,148.77,단독주택,29.0,9,평지,가로장방,세로한면(가),소형
1876,강남구,삼성동,9-13,232.40,59.92,173.44,단독주택,29.3,9,평지,세로장방,세로한면(가),소형
1877,강남구,삼성동,25-15,244.30,59.94,187.88,공동주택,22.6,9,평지,세로장방,세로각지(가),소형
1878,강남구,삼성동,26-12,343.00,58.19,160.34,단독주택,22.8,9,평지,정방형,세로한면(가),소형
1879,강남구,삼성동,29-8,253.60,59.97,168.96,,23.7,12,평지,자루형,세로한면(가),소형
1880,강남구,삼성동,34-5,268.60,59.90,202.32,공동주택,22.8,12,평지,세로장방,세로한면(가),소형
1881,강남구,삼성동,36-2,199.90,59.70,200.16,공동주택,24.0,6,평지,정방형,세로한면(가),소형
1882,강남구,삼성동,39-3,190.00,58.31,152.95,단독주택,29.6,9,평지,정방형,세로한면(가),소형
1883,강남구,삼성동,44-6,226.00,59.79,174.30,단독주택,28.8,9,평지,자루형,소로한면,소형
1884,강남구,삼성동,46-24,192.40,59.82,174.73,단독주택,31.1,9,평지,가로장방,세로한면(가),소형
1885,강남구,삼성동,47-15,411.80,39.96,79.91,단독주택,32.5,9,평지,정방형,세로한면(가),소형
1886,강남구,삼성동,61-6,254.20,59.98,197.45,공동주택,22.6,9,평지,세로장방,세로한면(가),중형
1888,강남구,삼성동,120-11,265.90,57.07,151.05,단독주택,27.8,12,평지,자루형,세로한면(가),소형
1889,강남구,대치동,915-8,345.40,59.73,145.40,단독주택,28.3,14,평지,사다리형,세로한면(가),소형
1890,강남구,대치동,916-55,233.60,58.15,152.75,,29.4,15,평지,세로장방,세로각지(가),소형
1891,강남구,대치동,916-64,243.70,58.74,188.67,공동주택,21.1,7,평지,정방형,세로한면(가),소형
1892,강남구,대치동,1015-2,355.20,59.81,137.79,단독주택,26.6,11,평지,자루형,세로한면(가),소형
1893,강남구,신사동,522-15,242.53,56.91,149.99,단독주택,31.5,16,평지,가로장방,세로한면(가),소형
1894,강남구,신사동,555-33,201.40,57.42,158.00,단독주택,29.1,9,평지,가로장방,세로각지(가),소형
1895,강남구,논현동,16-19,238.30,38.89,77.78,단독주택,32.2,5,평지,정방형,세로한면(가),소형
1896,강남구,논현동,72-5,199.90,49.86,131.67,단독주택,34.1,7,평지,세로장방,세로한면(가),소형
1897,강남구,논현동,73-10,229.70,46.99,128.69,,30.2,9,평지,정방형,세로한면(가),소형
1898,강남구,논현동,95-3,,,,,,,평지,자루형,세로한면(가),소형
1899,강남구,논현동,99-17,177.80,53.86,125.28,단독주택,27.4,3,평지,자루형,세로한면(가),소형
1900,강남구,논현동,100-17,,,,,,,평지,자루형,세로한면(가),소형
1901,강남구,논현동,100-25,257.00,59.72,165.87,단독주택,26.6,9,평지,정방형,세로한면(가),소형
1902,강남구,논현동,100-29,,,,,,,평지,자루형,세로한면(가),소형
1903,강남구,논현동,103-13,170.70,54.26,142.58,단독주택,28.3,5,평지,세로장방,세로한면(가),소형
1904,강남구,논현동,103-14,,,,,,,평지,가로장방,세로각지(가),소형
1905,강남구,논현동,107-15,199.70,56.37,153.49,단독주택,29.1,5,평지,사다리형,세로각지(가),소형
1906,강남구,논현동,131-2,,,,,,,평지,가로장방,세로한면(가),소형
1907,강남구,논현동,134-12,300.10,51.82,83.12,단독주택,31.3,15,평지,자루형,세로한면(가),소형
1908,강남구,논현동,148-4,,,,,,,평지,자루형,세로한면(가),소형
1909,강남구,논현동,151-5,265.70,58.42,158.64,단독주택,23.3,10,평지,정방형,세로한면(가),소형
1910,강남구,논현동,174-12,,,,,,,평지,가로장방,세로한면(가),소형
1912,강남구,논현동,180-3,222.25,59.98,170.94,단독주택,31.4,8,평지,세로장방,세로한면(가),소형
1913,강남구,논현동,189-18,,,,,,,평지,자루형,세로한면(가),소형
1914,강남구,논현동,231-3,215.20,49.81,110.90,단독주택,30.1,13,평지,세로장방,세로한면(가),중형
1915,강남구,논현동,262-10,,,,,,,평지,세로장방,세로각지(가),소형
1916,강남구,논현동,263-2,275.90,59.01,157.78,단독주택,30.6,8,평지,사다리형,세로각지(가),소형
1917,강남구,논현동,263-3,,,,,,,평지,세로장방,세로각지(가),소형
1918,강남구,논현동,272-4,216.30,52.63,157.89,단독주택,29.7,6,평지,세로장방,세로한면(가),소형
1919,강남구,도곡동,193-77,,,,,,,평지,사다리형,세로각지(가),
1373,구로구,고천동,52-122,199.95,59.27,190.71,공동주택,20.4,7,완경사,사다리형,세로한면(가),소형
1376,구로구,고천동,241-69,,,,,,,완경사,가로장방,세로한면(가),소형
1382,구로구,고천동,250-94,,,,,,,평지,가로장방,세로각지(가),소형
1386,구로구,고천동,263-7,,,,,,,평지,부정형,세로한면(불),소형
1396,구로구,개봉동,44-3,,,,,,,완경사,부정형,세로한면(가),소형
1418,구로구,개봉동,270-75,247.35,54.87,149.20,단독주택,22.2,8,완경사,부정형,세로한면(가),소형
1419,구로구,개봉동,278-16,,,,,,,평지,자루형,소로한면,
1422,구로구,개봉동,305-31,,,,,,,평지,가로장방,세로한면(가),소형
1429,구로구,개봉동,313-7,,,,,,,평지,사다리형,세로각지(가),소형
1432,구로구,개봉동,319-27,193.00,0.00,185.49,단독주택,32.4,5,완경사,자루형,세로한면(가),소형
1433,구로구,개봉동,323-30,,,,,,,평지,자루형,소로한면,소형
1437,구로구,개봉동,337-18,168.30,54.27,0.00,단독주택,27.9,5,완경사,세로장방,세로각지(가),소형
1439,구로구,개봉동,342-3,,,,,,,평지,세로장방,세로한면(가),소형
1442,구로구,개봉동,365-6,0.00,58.48,0.00,공동주택,22.9,5,평지,자루형,소로한면,소형
1443,구로구,개봉동,417-25,,,,,,,평지,사다리형,세로한면(가),
1444,구로구,개봉동,459-1,169.00,59.78,0.00,단독주택,30.5,6,완경사,가로장방,세로각지(가),소형
1447,구로구,오류동,27-39,,,,,,,완경사,사다리형,세로한면(가),소형
1448,구로구,오류동,31-259,0.00,57.64,179.36,단독주택,25.6,5,완경사,부정형,세로한면(가),소형
1451,구로구,오류동,313-35,,,,,,,평지,사다리형,세로한면(가),소형
1370,구로구,구로동,743-43,129.10,59.81,102.28,단독주택,31.2,5,평지,세로장방,세로한면(가),소형
1463,금천구,독산동,165-29,132.20,59.18,108.56,단독주택,31.6,4,완경사,세로장방,세로한면(가),소형
1467,금천구,독산동,181-97,130.60,56.35,155.86,단독주택,28.3,6,완경사,사다리형,세로각지(가),소형
1468,금천구,독산동,181-98,116.70,59.97,102.16,단독주택,32.0,5,완경사,정방형,세로한면(가),소형
1469,금천구,독산동,181-108,175.00,59.32,232.82,단독주택,21.2,5,완경사,사다리형,세로한면(가),소형
1470,금천구,독산동,186-6,113.70,57.04,114.08,단독주택,33.6,5,완경사,사다리형,세로한면(가),소형
1471,금천구,독산동,188-23,126.20,49.63,99.27,단독주택,36.5,5,완경사,가로장방,세로한면(가),소형
1472,금천구,독산동,199-27,145.80,59.36,113.17,단독주택,31.1,5,평지,정방형,세로한면(가),소형
1473,금천구,독산동,378-48,141.50,46.83,93.67,단독주택,30.7,3,완경사,가로장방,세로각지(가),
1479,금천구,독산동,378-433,92.30,59.91,106.51,단독주택,32.2,4,완경사,사다리형,세로각지(가),소형
1481,금천구,독산동,893-18,201.30,59.53,113.94,단독주택,31.2,7,평지,세로장방,세로한면(가),소형
1482,금천구,독산동,896-5,208.30,59.94,102.22,단독주택,31.4,8,평지,정방형,세로한면(가),소형
1495,금천구,독산동,1021-21,281.00,56.76,140.96,단독주택,27.3,8,평지,사다리형,세로한면(가),소형
1496,금천구,독산동,1022-59,0.00,57.71,0.00,공동주택,22.6,12,완경사,세로장방,세로한면(가),소형
1506,금천구,독산동,1102-4,525.00,59.97,2701.00,단독주택,31.2,8,평지,정방형,소로한면,중형
1514,금천구,시흥동,793-15,,,,,,,평지,자루형,세로한면(가),소형
1515,금천구,시흥동,807-15,278.00,47.10,177.78,공동주택,31.3,4,평지,부정형,세로각지(가),소형
1516,금천구,시흥동,808-23,,,,,,,평지,자루형,세로각지(가),소형
1520,금천구,시흥동,835-26,,,,,,,평지,세로장방,세로한면(가),소형
1522,금천구,시흥동,853-36,,,,,,,평지,자루형,세로한면(가),소형
1523,금천구,시흥동,856-6,,,,,,,평지,세로장방,세로한면(가),소형
1524,금천구,시흥동,891-17,,,,,,,평지,세로장방,세로한면(가),소형
1529,금천구,시흥동,917-33,,,,,,,평지,자루형,소로한면,소형
1532,금천구,시흥동,930-1,,,,,,,평지,세로장방,세로한면(가),소형
1534,금천구,시흥동,945-43,,,,,,,완경사,사다리형,세로한면(가),소형
1535,금천구,시흥동,985-19,,,,,,,평지,사다리형,세로한면(가),소형
1536,영등포구,영등포동,602-22,,,,,,,평지,자루형,중로한면,소형
1537,영등포구,영등포동,618-75,,,,,,,평지,사다리형,세로한면(가),소형
1544,영등포구,도림동,186-7,,,,,,,평지,사다리형,세로한면(가),소형
1553,영등포구,신길동,158-40,,,,,,,평지,세로장방,세로각지(가),소형
1554,영등포구,신길동,287-16,,,,,,,평지,사다리형,세로한면(가),소형
1559,영등포구,대림동,730-4,,,,,,,평지,사다리형,소로각지,
1564,영등포구,대림동,882-23,,,,,,,완경사,사다리형,세로한면(불),소형
1565,영등포구,대림동,934-52,210.43,54.02,145.24,단독주택,27.7,7,평지,사다리형,세로각지(가),소형
1566,동작구,노량진동,215-1,278.00,58.03,210.40,단독주택,26.9,13,완경사,사다리형,세로한면(가),소형
1567,동작구,노량진동,221-23,,,,,,,급경사,사다리형,세로한면(가),
1568,동작구,상도동,134-252,0.00,57.78,0.00,단독주택,26.7,6,급경사,세로장방,세로한면(불),소형
1570,동작구,상도동,244-226,210.16,59.33,155.00,단독주택,32.3,5,급경사,사다리형,세로한면(가),소형
1571,동작구,상도동,244-235,193.29,0.00,105.42,단독주택,33.5,5,급경사,정방형,세로한면(가),소형
1572,동작구,상도동,244-236,,,,,,,급경사,정방형,세로한면(가),소형
1573,동작구,상도동,244-258,0.00,59.74,0.00,단독주택,32.4,5,급경사,사다리형,소로각지,소형
1585,동작구,상도동,299-191,0.00,40.76,0.00,공동주택,32.5,10,완경사,사다리형,세로각지(가),
1592,동작구,사당동,183-34,115.00,59.89,114.89,공동주택,22.0,8,완경사,사다리형,중로한면,중형
1593,동작구,사당동,202-21,415.01,59.92,117.79,단독주택,29.3,7,평지,사다리형,세로각지(가),소형
1594,동작구,사당동,206-104,228.00,59.85,210.02,단독주택,22.7,11,평지,가로장방,세로한면(가),소형
1595,동작구,사당동,235-13,147.10,49.55,169.43,단독주택,28.0,11,완경사,사다리형,세로한면(가),소형
1600,동작구,대방동,391-21,171.00,59.48,163.51,단독주택,32.4,10,완경사,세로장방,소로한면,중형
1601,동작구,대방동,391-34,344.00,59.28,138.45,단독주택,21.6,6,평지,부정형,세로한면(가),소형
1604,동작구,신대방동,344-73,226.00,58.89,163.05,단독주택,27.5,7,완경사,사다리형,세로한면(불),소형
1607,동작구,신대방동,692-43,142.25,0.00,175.68,단독주택,33.2,5,평지,자루형,중로한면,소형
1611,관악구,봉천동,66-18,150.80,58.04,168.16,단독주택,30.0,5,완경사,세로장방,세로한면(가),소형
1612,관악구,봉천동,66-102,0.00,59.03,0.00,단독주택,31.1,5,완경사,세로장방,세로한면(가),소형
1613,관악구,봉천동,98-4,122.00,54.23,108.39,단독주택,20.8,16,완경사,사다리형,세로한면(불),소형
1614,관악구,봉천동,100-208,76.01,0.00,119.30,단독주택,34.9,6,완경사,가로장방,세로각지(가),소형
1615,관악구,봉천동,180-582,159.00,59.11,154.19,단독주택,27.3,7,완경사,세로장방,중로한면,중형
1616,관악구,봉천동,480-110,0.00,59.88,0.00,단독주택,31.1,7,완경사,세로장방,세로한면(가),소형
1618,관악구,봉천동,635-98,205.00,54.45,158.37,단독주택,28.0,6,완경사,세로장방,세로한면(가),소형
1624,관악구,봉천동,635-407,145.00,59.93,168.24,단독주택,29.3,6,완경사,정방형,세로한면(불),소형
1626,관악구,봉천동,649-146,145.00,59.70,132.53,단독주택,22.2,6,완경사,사다리형,세로한면(불),소형
1627,관악구,봉천동,661-51,142.46,59.43,151.89,공동주택,22.0,7,완경사,가로장방,세로한면(가),
1628,관악구,봉천동,662-95,179.64,0.00,157.31,단독주택,34.1,7,완경사,사다리형,세로한면(가),소형
1630,관악구,봉천동,693-1,0.00,59.55,0.00,단독주택,27.5,6,평지,부정형,세로한면(가),소형
1631,관악구,봉천동,715-40,0.00,59.89,0.00,단독주택,32.4,7,완경사,세로장방,세로한면(가),소형
1632,관악구,봉천동,715-132,212.00,59.81,158.39,단독주택,24.1,4,완경사,사다리형,세로한면(가),소형
1634,관악구,봉천동,900-46,157.70,59.42,124.80,단독주택,20.2,3,완경사,세로장방,세로한면(가),소형
1635,관악구,봉천동,900-78,135.50,59.87,169.17,단독주택,28.1,18,완경사,정방형,세로한면(가),소형
1636,관악구,봉천동,902-42,112.10,57.58,158.22,단독주택,23.0,6,평지,사다리형,세로한면(가),소형
1637,관악구,봉천동,921-5,254.20,47.81,179.10,공동주택,31.3,12,평지,세로장방,세로한면(가),소형
1638,관악구,봉천동,934-10,,,,,,,평지,정방형,세로한면(가),소형
1639,관악구,봉천동,1598-36,,,,,,,평지,정방형,세로한면(가),소형
1640,관악구,봉천동,1617-2,145.50,59.89,178.39,단독주택,21.9,6,완경사,정방형,세로한면(가),소형
1641,관악구,봉천동,1691-17,0.00,0.00,0.00,공동주택,45.1,1,완경사,사다리형,세로한면(가),
1642,관악구,신림동,10-130,,,,,,,완경사,세로장방,세로한면(가),소형
1643,관악구,신림동,90-58,248.00,59.83,155.54,공동주택,20.9,6,완경사,사다리형,세로한면(가),소형
1644,관악구,신림동,92-58,129.45,59.94,223.99,단독주택,31.3,5,급경사,사다리형,세로한면(가),소형
1645,관악구,신림동,92-72,129.50,59.66,102.25,단독주택,31.8,5,급경사,정방형,세로한면(불),
1646,관악구,신림동,92-73,126.00,59.42,113.30,단독주택,29.2,9,급경사,정방형,세로한면(불),소형
1647,관악구,신림동,92-225,208.00,58.82,162.28,공동주택,21.7,6,급경사,가로장방,세로한면(가),소형
1648,관악구,신림동,92-332,157.00,59.62,194.61,단독주택,27.5,8,급경사,세로장방,세로한면(가),소형
1649,관악구,신림동,94-171,117.70,59.83,178.85,단독주택,31.6,9,급경사,세로장방,세로한면(가),소형
1650,관악구,신림동,94-186,180.95,59.97,179.50,단독주택,31.5,8,완경사,사다리형,세로한면(가),소형
1651,관악구,신림동,95-24,181.75,54.96,110.66,단독주택,28.1,15,평지,사다리형,세로한면(불),소형
1652,관악구,신림동,95-80,289.00,59.95,160.47,단독주택,31.4,9,완경사,사다리형,세로각지(가),소형
1653,관악구,신림동,98-55,188.00,59.90,135.99,단독주택,31.7,5,급경사,정방형,세로한면(가),소형
1654,관악구,신림동,98-85,140.88,57.64,103.50,단독주택,28.5,11,급경사,정방형,세로한면(가),소형
1655,관악구,신림동,98-119,220.00,59.90,161.32,단독주택,30.9,6,급경사,세로장방,세로한면(가),소형
1656,관악구,신림동,98-196,140.00,57.32,156.08,단독주택,28.1,9,급경사,정방형,세로각지(가),소형
1657,관악구,신림동,98-207,192.00,59.91,161.13,단독주택,32.2,6,급경사,정방형,세로한면(가),소형
1658,관악구,신림동,98-234,169.00,59.58,113.20,단독주택,31.4,6,급경사,정방형,세로한면(가),소형
1659,관악구,신림동,98-241,170.20,59.98,110.88,단독주택,31.1,10,급경사,자루형,세로한면(가),소형
1660,관악구,신림동,98-365,169.73,0.00,167.38,단독주택,32.6,6,급경사,가로장방,세로각지(가),소형
1661,관악구,신림동,98-366,,,,,,,급경사,세로장방,세로한면(가),소형
1662,관악구,신림동,98-384,185.00,59.98,0.00,공동주택,20.5,8,급경사,정방형,세로한면(가),소형
1663,관악구,신림동,98-405,177.00,58.90,133.36,단독주택,31.1,8,급경사,정방형,세로각지(가),소형
1664,관악구,신림동,98-406,265.40,59.54,211.86,공동주택,22.4,8,급경사,가로장방,세로한면(가),소형
1665,관악구,신림동,102-23,212.00,59.67,87.76,단독주택,27.1,8,급경사,세로장방,세로한면(가),소형
1666,관악구,신림동,102-46,211.70,50.24,213.80,단독주택,34.0,11,급경사,세로장방,세로한면(가),소형
1668,관악구,신림동,108-9,331.00,59.91,175.90,단독주택,31.7,8,평지,사다리형,세로각지(가),소형
1670,관악구,신림동,127-36,185.00,59.21,141.91,단독주택,30.5,6,완경사,부정형,세로한면(가),소형
1671,관악구,신림동,251-130,154.80,59.98,103.68,단독주택,30.6,6,완경사,세로장방,세로한면(불),소형
1672,관악구,신림동,251-131,132.40,49.75,108.06,단독주택,35.1,5,완경사,세로장방,세로한면(불),소형
1673,관악구,신림동,251-169,132.00,0.00,113.81,단독주택,33.3,5,완경사,세로장방,세로한면(불),소형
1674,관악구,신림동,251-503,,,,,,,급경사,부정형,소로각지,소형
1675,관악구,신림동,254-1,,,,,,,급경사,사다리형,세로한면(가),소형
1676,관악구,신림동,254-213,268.00,54.27,0.00,단독주택,28.4,15,급경사,세로장방,세로한면(가),소형
1679,관악구,신림동,306-33,176.74,59.90,146.73,단독주택,32.2,6,급경사,정방형,세로한면(가),소형
1681,관악구,신림동,409-30,,,,,,,급경사,가로장방,세로한면(가),소형
1682,관악구,신림동,409-164,179.00,59.93,155.97,단독주택,31.1,8,완경사,세로장방,세로한면(가),소형
1683,관악구,신림동,412-104,157.94,59.68,103.02,단독주택,32.1,5,급경사,가로장방,세로각지(가),소형
1684,관악구,신림동,412-133,165.00,59.96,144.82,단독주택,30.4,6,급경사,세로장방,세로한면(가),소형
1685,관악구,신림동,412-216,,,,,,,급경사,사다리형,세로한면(가),소형
1686,관악구,신림동,412-217,0.00,57.64,0.00,단독주택,28.8,6,급경사,사다리형,세로한면(가),소형
1687,관악구,신림동,412-320,156.43,0.00,126.23,단독주택,33.5,5,급경사,세로장방,세로한면(가),소형
1688,관악구,신림동,412-398,,,,,,,완경사,세로장방,세로한면(가),소형
1689,관악구,신림동,412-475,0.00,59.25,0.00,단독주택,31.0,7,급경사,세로장방,세로한면(가),소형
1690,관악구,신림동,441-36,159.00,60.12,146.96,단독주택,22.7,5,완경사,세로장방,세로한면(가),소형
1691,관악구,신림동,441-41,105.85,59.39,173.53,단독주택,22.0,3,완경사,사다리형,세로한면(가),소형
1692,관악구,신림동,459-16,139.00,56.06,180.04,단독주택,22.4,4,평지,가로장방,세로한면(가),소형
1693,관악구,신림동,459-38,142.00,58.17,168.75,단독주택,21.8,13,평지,세로장방,세로한면(가),소형
1694,관악구,신림동,463-62,134.00,0.00,144.74,단독주택,32.7,5,평지,사다리형,세로한면(가),소형
1695,관악구,신림동,465-3,,,,,,,완경사,사다리형,세로한면(가),소형
1696,관악구,신림동,468-13,0.00,59.43,0.00,단독주택,24.1,6,평지,자루형,세로한면(가),소형
1697,관악구,신림동,468-20,0.00,57.25,0.00,단독주택,28.0,5,평지,세로장방,세로한면(가),소형
1698,관악구,신림동,469-16,184.50,59.89,94.07,단독주택,23.2,5,평지,세로장방,세로한면(불),소형
1700,관악구,신림동,473-9,174.20,59.95,163.93,단독주택,31.8,7,평지,세로장방,세로한면(가),소형
1701,관악구,신림동,485-40,142.74,0.00,108.71,단독주택,33.5,5,평지,자루형,세로한면(가),소형
1702,관악구,신림동,488-3,151.10,56.21,167.96,단독주택,26.2,7,평지,가로장방,세로한면(가),소형
1703,관악구,신림동,494-45,214.60,53.28,99.81,단독주택,22.6,4,평지,자루형,세로한면(가),소형
1704,관악구,신림동,503-25,0.00,51.63,0.00,단독주택,31.2,6,평지,자루형,중로한면,소형
1705,관악구,신림동,505-5,205.30,58.85,95.45,단독주택,21.2,10,평지,자루형,세로한면(가),소형
1706,관악구,신림동,505-8,238.70,48.49,131.26,단독주택,28.3,8,평지,세로장방,세로한면(가),소형
1707,관악구,신림동,510-35,203.60,54.39,82.38,단독주택,30.5,5,평지,자루형,소로한면,
1708,관악구,신림동,569-43,351.40,48.74,166.17,단독주택,27.4,5,평지,가로장방,세로한면(불),소형
1710,관악구,신림동,570-23,276.70,59.94,109.91,단독주택,31.4,5,평지,자루형,소로한면,소형
1711,관악구,신림동,592-7,147.10,0.00,96.59,단독주택,33.3,8,평지,세로장방,세로한면(불),소형
1712,관악구,신림동,596-18,249.90,0.00,80.90,단독주택,33.7,8,평지,사다리형,세로한면(가),소형
1713,관악구,신림동,597-50,75.53,59.81,105.44,단독주택,29.2,5,급경사,정방형,세로한면(가),소형
1714,관악구,신림동,597-57,0.00,59.34,0.00,단독주택,32.0,5,급경사,정방형,세로각지(가),소형
1715,관악구,신림동,597-74,0.00,59.80,0.00,단독주택,32.4,7,완경사,정방형,세로각지(가),소형
1716,관악구,신림동,597-76,190.28,59.98,104.70,단독주택,31.4,5,완경사,정방형,세로한면(가),소형
1717,관악구,신림동,598-73,169.40,59.72,104.88,단독주택,28.5,5,급경사,정방형,소로각지,소형
1718,관악구,신림동,598-132,188.00,59.92,114.40,단독주택,31.2,6,완경사,정방형,세로각지(가),소형
1719,관악구,신림동,598-147,,,,,,,완경사,가로장방,세로각지(가),소형
1720,관악구,신림동,598-190,170.00,59.78,167.72,단독주택,27.5,7,급경사,세로장방,세로한면(가),소형
1721,관악구,신림동,598-243,0.00,0.00,0.00,단독주택,34.5,4,완경사,정방형,세로한면(가),소형
1722,관악구,신림동,598-248,,,,,,,완경사,정방형,세로한면(가),소형
1723,관악구,신림동,598-316,106.00,59.77,105.73,단독주택,28.5,5,급경사,정방형,세로한면(가),소형
1724,관악구,신림동,608-1,,,,,,,완경사,자루형,세로한면(가),소형
1725,관악구,신림동,610-1,0.00,58.10,0.00,단독주택,31.1,7,완경사,세로장방,세로한면(가),소형
1726,관악구,신림동,610-9,166.00,56.91,149.17,단독주택,30.5,10,급경사,세로장방,세로각지(가),소형
1727,관악구,신림동,610-14,,,,,,,급경사,세로장방,세로한면(가),소형
1728,관악구,신림동,610-37,0.00,59.94,168.99,단독주택,31.3,7,급경사,세로장방,세로한면(가),소형
1729,관악구,신림동,610-38,169.00,58.86,149.03,단독주택,31.8,8,급경사,세로장방,세로한면(가),소형
1730,관악구,신림동,610-39,165.00,0.00,157.91,단독주택,33.8,5,급경사,세로장방,세로한면(가),소형
1732,관악구,신림동,610-88,165.00,0.00,157.28,단독주택,33.4,6,완경사,세로장방,세로한면(가),소형
1733,관악구,신림동,610-107,,,,,,,완경사,세로장방,세로한면(가),소형
1738,관악구,신림동,610-361,0.00,59.42,0.00,단독주택,26.9,6,급경사,세로장방,세로한면(가),소형
1739,관악구,신림동,610-370,0.00,59.94,0.00,단독주택,27.5,7,급경사,세로장방,세로각지(가),소형
1740,관악구,신림동,610-371,0.00,57.68,0.00,단독주택,31.2,7,급경사,가로장방,세로한면(가),소형
1741,관악구,신림동,610-376,0.00,59.90,166.49,단독주택,31.3,6,급경사,가로장방,세로한면(가),소형
1742,관악구,신림동,610-496,163.94,59.93,164.64,단독주택,31.7,5,완경사,세로장방,세로각지(가),소형
1743,관악구,신림동,610-502,165.00,59.30,152.93,단독주택,31.5,6,완경사,부정형,세로한면(가),소형
1744,관악구,신림동,610-514,165.00,58.87,110.60,단독주택,30.8,9,급경사,세로장방,세로한면(가),소형
1745,관악구,신림동,610-535,162.00,56.93,108.67,단독주택,31.3,7,완경사,세로장방,세로한면(가),소형
1747,관악구,신림동,610-587,155.00,0.00,109.23,단독주택,33.7,5,완경사,가로장방,세로각지(가),소형
1748,관악구,신림동,611-36,152.00,0.00,152.18,단독주택,37.5,4,평지,사다리형,세로한면(가),소형
1749,관악구,신림동,611-69,165.00,59.88,143.09,단독주택,26.5,5,완경사,세로장방,세로한면(가),소형
1750,관악구,신림동,618-10,162.00,59.73,0.00,단독주택,29.2,5,평지,세로장방,세로한면(가),소형
1751,관악구,신림동,622-11,0.00,58.27,0.00,단독주택,31.2,7,평지,사다리형,세로한면(불),소형
1752,관악구,신림동,626-58,0.00,57.92,167.45,단독주택,28.5,4,완경사,정방형,세로한면(가),소형
1754,관악구,신림동,629-54,152.00,0.00,93.20,단독주택,35.4,5,완경사,정방형,세로한면(가),소형
1755,관악구,신림동,633-25,126.00,59.90,106.07,단독주택,29.4,6,평지,세로장방,세로한면(가),소형
1756,관악구,신림동,639-13,180.00,58.89,108.78,단독주택,28.4,6,평지,사다리형,세로각지(가),소형
1757,관악구,신림동,646-288,102.00,53.12,0.00,단독주택,28.4,6,급경사,사다리형,세로한면(불),소형
1758,관악구,신림동,646-289,0.00,59.29,143.60,단독주택,31.6,6,급경사,정방형,세로한면(불),소형
1762,관악구,신림동,652-99,173.05,59.98,144.94,단독주택,27.4,8,완경사,사다리형,세로한면(가),소형
1764,관악구,신림동,673-31,126.00,59.62,99.53,단독주택,32.0,7,평지,세로장방,세로한면(가),소형
1765,관악구,신림동,673-77,178.52,59.41,148.08,단독주택,31.6,8,평지,사다리형,세로각지(가),소형
1766,관악구,신림동,675-97,116.00,58.39,106.98,단독주택,31.1,5,완경사,사다리형,소로한면,중형
1767,관악구,신림동,675-107,,,,,,,완경사,세로장방,세로한면(가),소형
1768,관악구,신림동,706-14,0.00,59.87,0.00,단독주택,30.5,5,평지,사다리형,세로한면(가),소형
1769,관악구,신림동,706-98,97.61,0.00,102.40,단독주택,33.4,6,평지,사다리형,세로한면(가),소형
1770,관악구,신림동,709-1,,,,,,,평지,부정형,세로한면(가),소형
1771,관악구,신림동,711-13,255.00,0.00,0.00,단독주택,33.2,5,완경사,사다리형,세로한면(가),소형
1772,관악구,신림동,711-78,0.00,59.95,142.41,단독주택,30.5,3,평지,사다리형,세로각지(가),소형
1773,관악구,신림동,711-79,,,,,,,완경사,세로장방,세로각지(가),소형
1775,관악구,신림동,748-28,82.10,57.38,0.00,단독주택,31.1,5,평지,부정형,세로한면(가),소형
1776,관악구,신림동,752-10,118.69,59.86,97.50,단독주택,22.4,5,평지,사다리형,세로한면(가),소형
1778,관악구,신림동,1449-32,175.00,0.00,103.78,단독주택,33.8,5,평지,사다리형,세로한면(가),소형
1779,관악구,신림동,1450-7,0.00,59.65,107.43,단독주택,28.8,6,평지,세로장방,세로한면(가),소형
1780,관악구,신림동,1491-8,104.10,57.37,136.70,단독주택,31.3,6,평지,자루형,세로한면(가),소형
1783,관악구,신림동,1561-19,175.90,59.14,168.06,단독주택,28.0,17,완경사,정방형,소로한면,중형
1784,관악구,신림동,1563-32,234.00,59.99,99.89,단독주택,27.4,7,완경사,정방형,세로한면(가),소형
1785,관악구,신림동,1563-33,166.10,59.47,177.61,단독주택,26.5,6,완경사,정방형,세로한면(가),소형
1786,관악구,신림동,1563-54,166.80,59.76,170.81,단독주택,26.4,7,완경사,정방형,세로각지(가),소형
1788,관악구,신림동,1564-24,0.00,59.67,178.42,단독주택,31.3,9,급경사,정방형,세로한면(가),소형
1789,관악구,신림동,1570-12,173.80,59.87,175.88,단독주택,31.5,5,평지,정방형,세로한면(가),소형
1790,관악구,신림동,1571-6,158.20,40.23,0.00,단독주택,31.9,5,평지,자루형,세로한면(가),소형
1791,관악구,신림동,1571-21,165.90,58.50,148.45,단독주택,31.4,7,평지,세로장방,소로한면,
1792,관악구,신림동,1571-22,236.70,59.30,117.77,단독주택,31.3,8,평지,세로장방,소로한면,중형
1793,관악구,신림동,1573-6,233.10,59.88,79.89,단독주택,29.2,5,평지,정방형,세로한면(가),소형
1794,관악구,신림동,1573-28,118.50,57.50,98.16,단독주택,26.7,12,평지,세로장방,소로한면,중형
1796,관악구,신림동,1574-31,278.00,58.26,99.56,단독주택,27.1,8,평지,세로장방,세로각지(가),소형
1797,관악구,신림동,1629-6,193.80,0.00,105.86,단독주택,33.6,5,평지,사다리형,세로각지(가),소형
1798,관악구,신림동,1631-38,0.00,59.56,114.99,단독주택,31.2,7,평지,자루형,세로한면(가),소형
1799,관악구,신림동,1652-12,201.90,0.00,174.79,단독주택,34.3,5,평지,가로장방,세로한면(가),소형
1800,관악구,신림동,1678-35,0.00,59.87,0.00,단독주택,23.7,10,완경사,정방형,소로각지,중형
1801,관악구,남현동,1053-12,252.60,49.75,106.33,단독주택,27.6,9,완경사,자루형,세로한면(가),소형
1346,강서구,공향동,40-36,155.00,59.79,170.99,단독주택,25.1,8,평지,사다리형,세로한면(가),소형
1349,강서구,공향동,301-60,136.00,59.83,170.36,단독주택,27.4,9,평지,자루형,소로한면,소형
1353,강서구,공향동,1349-3,174.00,50.46,142.76,단독주택,23.0,6,평지,정방형,소로한면,중형
1354,강서구,공향동,1352-4,167.90,59.32,176.82,단독주택,22.5,9,평지,가로장방,소로한면,중형
1355,강서구,공향동,1352-11,166.50,59.95,179.86,단독주택,25.0,5,평지,가로장방,소로한면,중형
1358,강서구,방화동,251-21,215.00,53.51,152.48,단독주택,22.4,5,평지,세로장방,세로한면(가),소형
1360,강서구,방화동,536-14,166.00,59.90,175.36,단독주택,27.3,5,평지,사다리형,세로각지(가),소형
1361,강서구,방화동,564-65,283.54,46.30,114.74,단독주택,30.0,7,평지,부정형,세로한면(가),소형
1362,강서구,방화동,575-18,164.00,59.96,157.62,단독주택,27.2,5,평지,사다리형,세로한면(불),소형
1013,양천구,신정동,910-5,0.00,0.00,0.00,단독주택,34.2,6,평지,자루형,세로한면(가),소형
1017,양천구,신정동,923-7,129.30,59.95,239.81,공동주택,20.8,7,완경사,정방형,세로한면(가),소형
1018,양천구,신정동,926-10,,,,,,,평지,자루형,세로한면(가),소형
1020,양천구,신정동,928-13,0.00,59.92,0.00,단독주택,31.4,5,완경사,정방형,세로한면(가),소형
1024,양천구,신정동,940-17,120.00,59.74,107.40,단독주택,31.1,5,완경사,정방형,세로한면(가),소형
1025,양천구,신정동,950-14,128.30,58.26,114.85,단독주택,27.2,3,완경사,자루형,소로한면,소형
1026,양천구,신정동,957-1,101.53,59.82,104.60,공동주택,23.0,1,평지,정방형,세로각지(가),
1028,양천구,신정동,957-29,163.60,51.23,234.77,단독주택,23.0,6,평지,자루형,세로한면(가),소형
1032,양천구,신정동,1012-2,170.30,57.90,171.79,단독주택,33.4,5,완경사,세로장방,소로한면,중형
1033,양천구,신정동,1016-15,210.10,55.36,110.73,단독주택,32.4,7,평지,세로장방,소로한면,
1034,양천구,신정동,1016-23,124.80,58.32,152.55,단독주택,32.4,6,평지,세로장방,세로한면(가),소형
1035,양천구,신정동,1019-19,139.90,59.10,148.90,단독주택,32.1,7,평지,정방형,소로각지,중형
1036,양천구,신정동,1026-14,132.20,53.32,96.79,단독주택,33.3,5,평지,자루형,세로한면(가),소형
1037,양천구,신정동,1198-18,130.50,59.24,165.38,단독주택,27.7,7,완경사,세로장방,세로한면(가),소형
1038,양천구,신정동,1217-8,189.20,58.03,153.69,단독주택,28.6,7,완경사,가로장방,세로각지(가),소형
1080,양천구,신월동,18-9,187.90,44.35,88.65,단독주택,33.2,7,평지,자루형,중로한면,소형
1082,양천구,신월동,19-27,,,,,,,평지,세로장방,세로한면(불),소형
1083,양천구,신월동,29-14,0.00,59.88,0.00,단독주택,33.4,6,평지,정방형,세로각지(가),소형
1085,양천구,신월동,58-33,106.80,59.91,118.30,단독주택,32.2,5,평지,정방형,세로한면(가),소형
1086,양천구,신월동,58-37,127.50,59.28,102.80,공동주택,22.1,6,평지,가로장방,세로한면(불),소형
1087,양천구,신월동,64-7,175.70,59.67,208.67,단독주택,31.3,5,평지,세로장방,소로한면,중형
1089,양천구,신월동,75-10,166.00,0.00,113.44,단독주택,34.6,5,평지,정방형,세로한면(가),소형
1090,양천구,신월동,76-6,,,,,,,평지,가로장방,세로각지(가),소형
1094,양천구,신월동,84-7,0.00,52.56,0.00,단독주택,30.6,7,평지,세로장방,세로한면(가),소형
1095,양천구,신월동,84-15,180.80,59.98,146.55,단독주택,30.5,5,평지,사다리형,세로한면(가),소형
1096,양천구,신월동,91-23,184.40,58.93,139.40,공동주택,22.0,1,평지,자루형,세로한면(가),소형
1097,양천구,신월동,94-3,138.30,56.28,86.74,단독주택,33.4,5,평지,사다리형,세로각지(가),
1099,양천구,신월동,98-11,205.40,55.11,189.56,단독주택,30.4,5,평지,세로장방,세로한면(불),소형
1100,양천구,신월동,98-29,144.30,49.60,110.67,단독주택,33.1,5,평지,세로장방,세로한면(불),소형
1101,양천구,신월동,105-23,147.50,48.73,103.72,단독주택,34.6,4,평지,자루형,중로한면,소형
1102,양천구,신월동,106-14,165.30,60.88,104.86,단독주택,31.4,5,평지,자루형,세로한면(가),소형
1103,양천구,신월동,107-8,144.30,56.37,106.89,단독주택,31.0,5,평지,정방형,세로한면(가),소형
1104,양천구,신월동,107-13,126.10,0.00,108.82,단독주택,34.2,5,평지,세로장방,세로한면(불),소형
1105,양천구,신월동,110-20,115.80,58.90,100.53,단독주택,31.2,5,평지,세로장방,세로한면(가),소형
1106,양천구,신월동,110-25,,,,,,,평지,정방형,세로한면(가),소형
1107,양천구,신월동,114-25,0.00,54.18,0.00,단독주택,32.1,3,평지,자루형,세로한면(가),소형
1108,양천구,신월동,121-13,149.50,0.00,99.13,단독주택,34.1,5,평지,자루형,세로한면(가),소형
1109,양천구,신월동,123-19,240.00,59.91,175.30,단독주택,29.8,7,평지,자루형,세로한면(가),소형
1110,양천구,신월동,124-4,276.90,59.92,214.56,공동주택,21.7,1,평지,세로장방,세로한면(가),
1111,양천구,신월동,124-22,151.10,53.89,92.92,단독주택,31.4,5,평지,자루형,중로한면,소형
1113,양천구,신월동,132-5,235.60,36.74,73.47,단독주택,32.6,5,평지,자루형,세로한면(가),소형
1114,양천구,신월동,133-28,150.90,59.59,113.07,단독주택,30.8,5,평지,세로장방,세로한면(가),소형
1122,양천구,신월동,200-24,127.15,57.10,104.60,단독주택,31.3,5,평지,자루형,세로한면(가),소형
1123,양천구,신월동,207-3,163.00,59.59,167.30,단독주택,30.5,5,평지,세로장방,세로한면(가),소형
1127,양천구,신월동,226-4,147.00,58.66,109.54,단독주택,30.8,5,평지,자루형,중로한면,소형
1129,양천구,신월동,232-25,148.58,57.79,133.27,단독주택,30.6,5,평지,자루형,세로한면(가),소형
1131,양천구,신월동,233-6,116.60,59.62,111.18,단독주택,31.2,5,평지,자루형,세로한면(가),소형
1132,양천구,신월동,233-7,116.50,59.48,111.27,단독주택,31.2,5,평지,자루형,세로한면(가),소형
1133,양천구,신월동,233-12,133.30,48.68,97.36,단독주택,33.1,5,평지,자루형,세로한면(가),소형
1134,양천구,신월동,233-23,231.50,58.93,215.46,공동주택,31.6,1,평지,가로장방,세로한면(가),
1135,양천구,신월동,233-25,,,,,,,평지,정방형,세로한면(불),소형
1136,양천구,신월동,242-12,0.00,0.00,0.00,단독주택,34.3,5,평지,세로장방,세로각지(가),소형
1137,양천구,신월동,243-22,0.00,0.00,0.00,단독주택,34.4,7,평지,정방형,세로한면(가),소형
1141,양천구,신월동,439-2,0.00,53.73,214.92,공동주택,33.4,1,평지,세로장방,세로한면(가),
1150,강서구,등촌동,365-50,176.10,43.79,87.57,단독주택,34.8,10,완경사,세로장방,세로각지(가),소형
1151,강서구,등촌동,533-41,188.00,59.68,165.53,단독주택,24.3,6,평지,사다리형,세로각지(가),소형
1152,강서구,등촌동,568-27,186.10,59.90,112.50,단독주택,31.2,5,완경사,세로장방,세로한면(가),소형
1153,강서구,등촌동,569-5,145.00,59.95,119.91,단독주택,31.9,5,완경사,정방형,세로한면(가),소형
1154,강서구,등촌동,569-14,149.00,59.45,113.68,단독주택,28.9,5,완경사,정방형,세로한면(가),소형
1155,강서구,등촌동,647-19,165.00,59.87,119.75,단독주택,29.3,5,평지,세로장방,세로한면(가),소형
1158,강서구,화곡동,24-221,131.00,58.27,156.48,단독주택,32.2,9,평지,정방형,세로한면(가),소형
1159,강서구,화곡동,29-14,0.00,59.88,0.00,단독주택,33.4,6,평지,정방형,세로한면(가),
1160,강서구,화곡동,29-87,265.00,38.29,112.36,단독주택,27.4,5,평지,사다리형,세로한면(불),소형
1161,강서구,화곡동,29-199,341.00,58.57,155.89,단독주택,28.5,8,평지,사다리형,세로한면(가),소형
1163,강서구,화곡동,46-15,200.30,51.90,134.02,단독주택,29.3,11,평지,세로장방,세로한면(가),소형
1165,강서구,화곡동,46-294,229.55,44.95,90.47,단독주택,34.3,5,평지,세로장방,세로한면(가),소형
1166,강서구,화곡동,46-308,198.00,54.32,105.64,단독주택,33.3,5,평지,세로장방,세로한면(가),소형
1167,강서구,화곡동,50-72,126.15,59.84,157.44,단독주택,26.9,5,완경사,세로장방,세로각지(가),소형
1169,강서구,화곡동,50-81,139.00,59.93,114.70,단독주택,31.4,5,완경사,사다리형,세로한면(가),소형
1170,강서구,화곡동,50-94,152.00,52.29,103.08,단독주택,33.0,5,완경사,세로장방,세로한면(가),소형
1173,강서구,화곡동,55-71,179.79,59.62,174.56,단독주택,27.0,6,완경사,세로장방,세로한면(가),소형
1175,강서구,화곡동,55-95,169.00,59.85,112.11,단독주택,27.3,4,완경사,정방형,세로한면(가),소형
1176,강서구,화곡동,56-16,198.00,58.12,112.74,단독주택,33.3,5,완경사,정방형,세로각지(가),소형
1178,강서구,화곡동,56-85,192.00,58.32,174.97,단독주택,23.5,6,완경사,세로장방,세로한면(가),소형
1184,강서구,화곡동,56-224,185.00,47.01,91.83,단독주택,33.9,5,완경사,세로장방,세로한면(가),소형
1189,강서구,화곡동,56-424,180.81,59.85,209.76,공동주택,22.4,1,완경사,세로장방,세로한면(가),
1190,강서구,화곡동,56-489,185.00,50.11,98.50,단독주택,34.0,4,완경사,가로장방,세로각지(가),소형
1191,강서구,화곡동,56-493,116.00,59.90,218.36,공동주택,21.8,1,완경사,사다리형,세로각지(가),
1192,강서구,화곡동,56-509,148.00,49.80,99.60,단독주택,34.1,4,완경사,세로장방,세로한면(가),소형
1193,강서구,화곡동,56-522,150.10,58.96,108.29,단독주택,31.6,5,완경사,세로장방,세로한면(가),소형
1194,강서구,화곡동,56-542,191.72,48.49,80.74,공동주택,31.8,5,완경사,자루형,세로한면(가),소형
1196,강서구,화곡동,57-21,162.00,58.36,97.68,공동주택,31.3,5,완경사,세로장방,세로한면(가),소형
1198,강서구,화곡동,59-39,233.00,53.17,86.60,단독주택,27.1,5,평지,자루형,세로한면(가),소형
1200,강서구,화곡동,61-89,255.00,59.91,174.46,단독주택,27.5,9,완경사,정방형,세로한면(가),소형
1201,강서구,화곡동,61-113,188.10,59.35,163.39,단독주택,30.9,7,평지,정방형,소로한면,중형
1202,강서구,화곡동,95-102,150.01,58.88,160.22,단독주택,28.4,7,완경사,세로장방,세로한면(가),소형
1203,강서구,화곡동,98-31,254.00,59.24,160.71,단독주택,29.3,14,평지,사다리형,세로한면(가),소형
1205,강서구,화곡동,102-170,188.00,59.86,175.80,공동주택,23.3,1,완경사,가로장방,세로한면(가),
1206,강서구,화곡동,102-356,,,,,,,완경사,가로장방,세로한면(가),소형
1207,강서구,화곡동,105-437,0.00,59.36,0.00,단독주택,28.0,8,완경사,사다리형,세로한면(불),소형
1209,강서구,화곡동,105-426,241.00,44.22,159.52,공동주택,38.7,1,완경사,세로장방,세로한면(가),
1210,강서구,화곡동,151-12,205.00,53.43,80.73,단독주택,32.8,8,완경사,세로장방,세로한면(가),소형
1211,강서구,화곡동,156-27,244.90,59.97,103.54,단독주택,28.4,5,완경사,세로장방,세로한면(가),소형
1212,강서구,화곡동,156-29,188.00,51.80,115.86,단독주택,34.2,6,완경사,세로장방,소로한면,중형
1213,강서구,화곡동,158-10,140.10,51.43,103.60,공동주택,33.2,1,완경사,정방형,세로각지(가),
1214,강서구,화곡동,158-27,252.56,59.46,151.33,단독주택,27.1,7,완경사,세로장방,세로한면(가),소형
1215,강서구,화곡동,158-46,191.70,44.33,150.01,공동주택,27.2,1,완경사,정방형,세로한면(가),
1218,강서구,화곡동,167-41,320.20,58.34,164.13,단독주택,30.0,8,완경사,가로장방,소로각지,중형
1219,강서구,화곡동,167-42,177.10,51.01,145.75,공동주택,22.3,1,완경사,가로장방,세로각지(가),
1221,강서구,화곡동,351-11,283.90,59.86,183.98,단독주택,31.0,5,완경사,세로장방,세로한면(가),소형
1225,강서구,화곡동,359-41,153.00,54.30,111.43,단독주택,33.1,7,평지,세로장방,세로한면(가),소형
1227,강서구,화곡동,366-95,128.52,58.48,104.27,단독주택,28.0,7,평지,세로장방,세로각지(가),소형
1228,강서구,화곡동,368-71,152.10,59.81,142.95,단독주택,28.0,4,평지,세로장방,세로한면(가),소형
1229,강서구,화곡동,369-13,128.50,57.24,153.12,단독주택,33.9,5,평지,세로장방,세로한면(가),소형
1230,강서구,화곡동,369-22,128.20,52.19,101.04,단독주택,29.7,8,평지,세로장방,세로한면(가),소형
1235,강서구,화곡동,395-2,146.80,55.77,149.22,단독주택,27.1,11,완경사,사다리형,세로한면(가),소형
1236,강서구,화곡동,397-26,294.50,0.00,163.47,공동주택,37.7,1,평지,세로장방,세로한면(가),
1238,강서구,화곡동,408-83,,,,,,,완경사,가로장방,세로한면(불),소형
1239,강서구,화곡동,409-50,0.00,59.89,0.00,단독주택,33.6,6,완경사,세로장방,세로한면(가),소형
1240,강서구,화곡동,409-145,131.00,59.50,97.77,단독주택,31.0,7,완경사,세로장방,세로한면(불),소형
1241,강서구,화곡동,409-224,146.00,59.95,118.65,단독주택,27.4,3,완경사,가로장방,세로한면(가),소형
1242,강서구,화곡동,410-11,152.00,59.99,140.90,단독주택,31.6,5,완경사,세로장방,세로한면(가),소형
1244,강서구,화곡동,410-176,133.00,55.90,119.90,단독주택,28.6,8,완경사,정방형,세로한면(불),소형
1246,강서구,화곡동,410-208,159.00,59.96,103.70,단독주택,30.7,7,완경사,가로장방,세로각지(가),소형
1248,강서구,화곡동,424-158,179.60,49.15,158.01,공동주택,25.1,1,평지,세로장방,세로한면(가),
1249,강서구,화곡동,452-13,182.00,59.48,95.70,단독주택,29.1,7,완경사,세로장방,소로한면,중형
1250,강서구,화곡동,454-7,279.20,59.66,187.28,단독주택,33.3,4,완경사,세로장방,소로한면,중형
1251,강서구,화곡동,455-18,168.60,59.76,148.17,단독주택,27.9,7,완경사,세로장방,세로한면(가),소형
1253,강서구,화곡동,459-10,155.30,49.52,99.05,공동주택,34.1,1,완경사,가로장방,세로한면(불),
1255,강서구,화곡동,465-17,112.70,59.62,164.70,단독주택,31.6,6,평지,정방형,세로한면(가),소형
1263,강서구,화곡동,504-35,159.00,59.68,110.23,단독주택,32.2,5,완경사,세로장방,세로한면(가),소형
1264,강서구,화곡동,504-153,176.97,49.07,93.13,단독주택,35.3,3,완경사,사다리형,세로한면(가),소형
1266,강서구,화곡동,772-29,284.00,59.71,207.57,공동주택,26.4,1,완경사,세로장방,세로각지(가),
1267,강서구,화곡동,772-38,189.20,53.76,98.72,단독주택,33.1,5,완경사,정방형,세로한면(가),소형
1272,강서구,화곡동,814-35,179.40,58.73,104.75,단독주택,30.3,5,평지,사다리형,세로각지(가),소형
1274,강서구,화곡동,821-27,130.20,59.90,177.05,단독주택,31.3,7,평지,정방형,소로한면,중형
1276,강서구,화곡동,826-3,156.00,59.23,115.07,단독주택,31.6,5,평지,세로장방,세로한면(가),소형
1279,강서구,화곡동,845-34,159.40,55.28,104.27,단독주택,33.6,6,평지,세로장방,세로한면(불),소형
1280,강서구,화곡동,846-45,125.10,59.92,104.89,단독주택,31.3,5,평지,세로장방,세로각지(가),소형
1281,강서구,화곡동,850-4,187.80,52.98,198.64,공동주택,20.9,7,평지,세로장방,소로한면,중형
1282,강서구,화곡동,852-28,180.07,49.20,111.56,단독주택,35.8,6,평지,가로장방,세로한면(가),소형
1283,강서구,화곡동,858-22,122.70,49.97,99.95,단독주택,34.1,5,평지,자루형,세로한면(가),소형
1284,강서구,화곡동,866-16,212.70,58.58,229.67,공동주택,23.2,1,평지,자루형,소로한면,
1285,강서구,화곡동,869-34,226.80,39.27,72.38,단독주택,34.0,6,완경사,자루형,세로한면(가),소형
1287,강서구,화곡동,895-5,162.60,59.88,145.71,단독주택,28.0,8,평지,세로장방,소로한면,중형
1288,강서구,화곡동,900-36,121.85,67.85,108.08,단독주택,31.6,4,평지,세로장방,세로한면(가),소형
1289,강서구,화곡동,910-6,137.78,52.17,120.96,단독주택,33.3,6,평지,세로장방,세로한면(가),소형
1291,강서구,화곡동,911-4,150.40,59.94,88.24,단독주택,31.1,5,평지,자루형,세로한면(가),소형
1293,강서구,화곡동,924-12,127.70,61.11,103.66,단독주택,31.2,5,평지,세로장방,세로한면(가),소형
1294,강서구,화곡동,934-11,135.90,59.89,114.20,단독주택,33.2,6,평지,가로장방,세로한면(가),소형
1295,강서구,화곡동,934-29,171.90,53.72,135.85,단독주택,27.3,5,평지,자루형,중로한면,소형
1296,강서구,화곡동,936-31,171.60,67.36,182.09,단독주택,33.0,17,평지,정방형,세로한면(가),소형
1297,강서구,화곡동,961-2,227.10,57.97,95.58,단독주택,32.2,5,완경사,가로장방,세로한면(가),소형
1298,강서구,화곡동,963-7,157.70,59.97,160.10,단독주택,30.5,7,평지,정방형,세로한면(가),소형
1299,강서구,화곡동,964-9,170.00,57.93,113.55,단독주택,33.4,5,평지,정방형,소로각지,중형
1303,강서구,화곡동,975-15,136.47,59.82,162.74,단독주택,30.0,7,평지,가로장방,세로각지(가),소형
1304,강서구,화곡동,975-19,184.90,59.68,164.91,단독주택,28.6,8,평지,정방형,세로각지(가),소형
1306,강서구,화곡동,985-9,344.74,43.10,149.45,공동주택,23.0,10,완경사,사다리형,세로한면(가),소형
1307,강서구,화곡동,995-14,153.10,59.82,159.36,공동주택,23.2,5,평지,세로장방,세로한면(가),소형
1309,강서구,화곡동,1010-9,131.10,53.98,102.84,단독주택,33.4,4,평지,세로장방,세로한면(가),소형
1310,강서구,화곡동,1015-29,165.40,49.60,99.10,단독주택,34.3,5,평지,사다리형,세로각지(가),소형
1311,강서구,화곡동,1016-30,213.50,57.98,98.25,단독주택,27.2,5,평지,세로장방,세로한면(가),소형
1312,강서구,화곡동,1017-10,145.80,59.89,149.56,단독주택,26.7,5,평지,사다리형,세로한면(가),소형
1314,강서구,화곡동,1018-8,228.20,57.98,199.57,공동주택,20.4,9,평지,자루형,세로한면(가),소형
1315,강서구,화곡동,1018-11,239.50,59.90,163.47,단독주택,27.8,8,평지,가로장방,세로한면(가),소형
1316,강서구,화곡동,1018-20,246.70,59.47,162.13,단독주택,26.9,5,평지,사다리형,세로한면(가),소형
1317,강서구,화곡동,1033-36,203.50,59.24,153.89,단독주택,30.3,7,평지,사다리형,세로한면(가),소형
1318,강서구,화곡동,1033-40,122.50,59.96,119.31,단독주택,31.1,6,평지,세로장방,세로한면(가),소형
1319,강서구,화곡동,1036-27,262.30,56.88,155.40,단독주택,27.2,9,평지,세로장방,소로한면,중형
1322,강서구,화곡동,1040-10,183.20,59.45,173.31,단독주택,28.5,7,평지,자루형,세로한면(가),소형
1323,강서구,화곡동,1040-11,246.80,44.47,70.32,단독주택,34.1,4,평지,세로장방,세로한면(가),소형
1324,강서구,화곡동,1041-26,119.40,59.19,109.93,단독주택,31.1,4,평지,자루형,세로한면(가),소형
1325,강서구,화곡동,1043-4,128.73,59.98,198.97,공동주택,22.7,5,평지,세로장방,세로한면(가),소형
1326,강서구,화곡동,1049-34,134.70,59.10,99.53,단독주택,28.6,5,평지,사다리형,세로각지(가),소형
1328,강서구,화곡동,1060-10,176.68,53.03,129.53,단독주택,28.3,7,평지,가로장방,세로한면(불),소형
1329,강서구,화곡동,1088-3,327.60,42.94,156.32,공동주택,33.1,1,평지,자루형,세로한면(가),소형
1332,강서구,화곡동,1121-18,405.00,57.89,111.54,단독주택,28.2,19,평지,세로장방,세로한면(가),
1333,강서구,화곡동,1133-1,332.60,59.44,142.04,단독주택,28.2,13,완경사,세로장방,세로한면(가),중형
1334,강서구,내발산동,671-24,195.40,43.55,84.75,단독주택,33.2,6,평지,세로장방,세로한면(가),소형
1335,강서구,내발산동,671-25,250.60,59.71,239.44,공동주택,22.8,12,평지,세로장방,세로한면(가),소형
1336,강서구,내발산동,687-16,338.70,59.28,160.87,단독주택,29.3,10,평지,세로장방,세로각지(가),소형
1338,강서구,내발산동,695-2,136.70,59.58,147.58,단독주택,27.2,4,평지,세로장방,세로한면(가),소형
1339,강서구,내발산동,695-17,226.90,58.50,148.09,단독주택,30.5,7,평지,정방형,세로한면(불),소형
1340,강서구,내발산동,703-12,133.90,59.68,101.04,단독주택,32.3,4,평지,정방형,세로한면(가),소형
1341,강서구,내발산동,710-37,265.80,54.03,75.80,단독주택,29.1,6,평지,사다리형,세로한면(가),소형
1343,강서구,내발산동,721-2,,,,,,,평지,자루형,세로한면(가),소형
922,서대문구,대신동,142-1,269.79,56.65,188.18,공동주택,22.3,11,완경사,세로장방,중로한면,중형
926,서대문구,연희동,48-58,145.00,53.85,127.03,단독주택,31.8,5,완경사,부정형,세로한면(가),소형
927,서대문구,연희동,69-20,288.00,49.94,99.88,단독주택,28.3,10,평지,사다리형,세로한면(가),소형
928,서대문구,연희동,69-72,172.60,59.27,158.22,단독주택,26.5,5,평지,사다리형,세로한면(가),소형
931,서대문구,연희동,334-70,341.20,52.99,140.38,단독주택,27.8,11,평지,사다리형,세로한면(가),소형
932,서대문구,연희동,353-81,345.10,58.42,142.23,단독주택,27.9,15,평지,가로장방,세로한면(불),소형
933,서대문구,연희동,446-268,155.70,59.87,169.48,단독주택,30.1,9,완경사,세로장방,세로한면(가),소형
979,마포구,서교동,345-25,178.50,59.53,0.00,공동주택,21.7,12,평지,사다리형,세로한면(불),소형
980,마포구,서교동,461-15,166.00,55.80,112.06,단독주택,30.2,7,평지,가로장방,세로한면(가),소형
981,마포구,서교동,469-26,275.00,52.17,102.19,단독주택,30.2,8,평지,정방형,중로각지,대형
982,마포구,서교동,469-58,392.40,54.09,136.92,단독주택,30.2,10,평지,사다리형,세로한면(가),소형
983,마포구,서교동,473-45,109.00,54.76,130.82,공동주택,22.5,4,평지,정방형,세로한면(가),
987,마포구,합정동,448-5,,,,,,,평지,정방형,소로한면,중형
988,마포구,망원동,338-23,,,,,,,평지,정방형,세로한면(불),소형
990,마포구,망원동,338-63,,,,,,,평지,정방형,세로한면(가),소형
991,마포구,망원동,380-16,,,,,,,평지,사다리형,세로한면(불),소형
992,마포구,망원동,384-18,,,,,,,평지,가로장방,세로한면(가),소형
993,마포구,망원동,405-42,,,,,,,평지,정방형,세로한면(불),소형
995,마포구,망원동,409-47,,,,,,,평지,가로장방,소로각지,중형
999,마포구,성산동,32-12,,,,,,,완경사,자루형,세로한면(가),소형
1002,마포구,성산동,81-12,,,,,,,완경사,사다리형,세로한면(가),소형
1004,마포구,성산동,81-123,,,,,,,완경사,사다리형,세로한면(가),소형
1005,마포구,성산동,111-2,,,,,,,평지,세로장방,세로한면(가),소형
1009,마포구,성산동,258-31,,,,,,,평지,자루형,세로한면(가),소형
1010,마포구,성산동,586-6,,,,,,,완경사,사다리형,세로한면(가),소형
1011,마포구,성산동,606-9,,,,,,,평지,사다리형,세로한면(가),소형
778,은평구,녹번동,29-86,246.22,59.87,117.94,단독주택,31.4,9,완경사,세로장방,세로한면(불),소형
779,은평구,녹번동,29-101,168.37,58.02,164.57,단독주택,27.2,7,완경사,사다리형,세로한면(가),소형
781,은평구,녹번동,82-17,,,,,,,평지,정방형,세로한면(가),소형
782,은평구,녹번동,105-23,147.50,48.73,103.72,단독주택,34.6,4,평지,사다리형,세로각지(가),소형
787,은평구,불광동,28-3,253.64,0.00,119.10,공동주택,33.2,1,평지,사다리형,세로한면(불),소형
788,은평구,불광동,105-48,,,,,,,완경사,정방형,세로각지(가),
789,은평구,불광동,181-1,0.00,59.93,0.00,단독주택,27.5,4,평지,부정형,세로한면(가),소형
790,은평구,불광동,228-15,96.00,59.77,220.85,단독주택,27.4,5,급경사,세로장방,세로한면(불),소형
796,은평구,불광동,443-66,92.13,59.92,179.81,단독주택,30.9,7,완경사,가로장방,세로각지(가),소형
800,은평구,불광동,445-402,181.51,59.94,109.58,단독주택,32.2,5,급경사,세로장방,세로각지(가),소형
801,은평구,불광동,446-16,205.00,53.27,152.10,단독주택,29.6,9,급경사,사다리형,세로한면(가),소형
805,은평구,갈현동,227-29,149.00,0.00,109.76,단독주택,33.1,5,완경사,사다리형,세로한면(가),중형
807,은평구,갈현동,266-3,468.00,57.74,140.67,단독주택,28.2,9,완경사,세로장방,세로한면(가),소형
810,은평구,갈현동,269-5,,,,,,,평지,부정형,소로한면,소형
813,은평구,갈현동,392-27,338.00,59.91,0.00,공동주택,22.0,12,평지,세로장방,소로한면,중형
817,은평구,갈현동,491-19,172.90,59.88,149.34,공동주택,22.0,12,평지,가로장방,세로한면(가),소형
818,은평구,갈현동,491-24,165.00,0.00,164.96,단독주택,33.2,3,평지,가로장방,소로각지,중형
820,은평구,갈현동,504-33,158.00,48.54,216.17,공동주택,34.4,5,평지,사다리형,세로한면(불),소형
822,은평구,갈현동,522-6,0.00,59.96,240.89,공동주택,22.4,4,완경사,세로장방,소로각지,중형
827,은평구,갈현동,523-48,,,,,,,완경사,사다리형,세로한면(가),소형
829,은평구,구산동,147-25,122.80,60.42,0.00,단독주택,31.3,5,완경사,정방형,세로한면(가),소형
831,은평구,구산동,178-20,169.00,59.80,97.08,공동주택,21.6,1,평지,정방형,세로한면(불),소형
834,은평구,구산동,308-83,189.00,0.00,152.35,단독주택,33.7,5,급경사,가로장방,세로한면(가),
841,은평구,대조동,197-11,208.50,0.00,148.18,단독주택,34.2,5,평지,정방형,세로한면(가),소형
843,은평구,대조동,216-7,0.00,0.00,113.82,단독주택,33.5,4,평지,사다리형,세로한면(가),소형
845,은평구,은암동,81-72,0.00,57.27,223.29,단독주택,33.0,5,완경사,가로장방,세로각지(가),소형
850,은평구,은암동,227-41,116.00,58.48,0.00,단독주택,29.5,11,급경사,세로장방,세로한면(가),소형
851,은평구,은암동,227-78,155.00,58.71,0.00,공동주택,22.2,4,급경사,정방형,세로한면(가),소형
852,은평구,은암동,227-89,182.00,59.85,0.00,단독주택,29.7,4,급경사,정방형,세로한면(가),
854,은평구,은암동,402-17,195.00,51.43,107.11,단독주택,31.2,4,평지,정방형,세로한면(가),소형
855,은평구,은암동,402-103,97.20,59.65,145.51,단독주택,32.9,5,완경사,자루형,소로한면,소형
864,은평구,역촌동,6-8,152.93,59.22,127.37,단독주택,31.7,6,평지,세로장방,세로한면(가),소형
866,은평구,역촌동,10-8,,,,,,,평지,세로장방,세로각지(가),소형
873,은평구,역촌동,25-71,,,,,,,평지,부정형,세로각지(가),소형
875,은평구,역촌동,41-56,380.20,100.00,340.94,공동주택,28.9,11,평지,정방형,세로한면(가),소형
880,은평구,역촌동,56-32,175.20,58.16,162.87,단독주택,29.1,8,평지,사다리형,중로각지,
881,은평구,역촌동,56-36,0.00,0.00,0.00,단독주택,31.0,8,평지,정방형,세로한면(불),소형
882,은평구,역촌동,56-37,131.85,56.27,149.34,단독주택,28.0,11,평지,정방형,세로한면(불),소형
884,은평구,역촌동,65-19,184.50,57.56,141.32,공동주택,21.7,16,평지,세로장방,세로한면(가),
887,은평구,역촌동,77-43,130.37,59.42,152.62,단독주택,32.6,4,완경사,사다리형,세로한면(가),소형
888,은평구,역촌동,80-33,,,,,,,평지,자루형,세로한면(가),소형
890,은평구,역촌동,81-59,165.60,58.81,170.79,단독주택,31.1,7,평지,사다리형,세로한면(가),소형
891,은평구,역촌동,84-10,195.86,0.00,121.79,단독주택,30.5,7,평지,가로장방,세로한면(불),소형
893,은평구,신사동,13-9,0.00,59.71,0.00,단독주택,27.7,11,평지,세로장방,세로한면(가),중형
896,은평구,신사동,28-21,205.50,57.56,163.59,단독주택,32.5,8,평지,세로장방,세로한면(가),소형
898,은평구,신사동,30-27,172.00,53.82,166.02,단독주택,33.4,7,평지,세로장방,세로한면(가),소형
899,은평구,신사동,31-4,238.00,56.56,156.45,단독주택,29.8,7,평지,정방형,세로한면(가),소형
900,은평구,신사동,31-25,0.00,59.71,0.00,단독주택,31.1,7,평지,정방형,세로한면(가),소형
901,은평구,신사동,32-26,,,,,,,평지,가로장방,세로한면(불),소형
904,은평구,신사동,201-9,,,,,,,급경사,사다리형,세로한면(가),소형
908,은평구,신사동,337-31,,,,,,,평지,가로장방,세로각지(가),소형
911,은평구,증산동,192-42,,,,,,,완경사,세로장방,세로각지(가),소형
918,서대문구,홍제동,334-40,,,,,,,완경사,정방형,세로한면(가),소형
925,서대문구,연희동,1-5,,,,,,,평지,사다리형,중로한면,대형
930,서대문구,연희동,170-130,,,,,,,평지,세로장방,세로한면(가),소형
936,서대문구,홍은동,191-87,,,,,,,완경사,정방형,세로한면(불),소형
942,서대문구,홍은동,366-11,,,,,,,평지,사다리형,세로한면(불),소형
964,서대문구,남가좌동,331-1,,,,,,,평지,세로장방,세로한면(가),소형
967,서대문구,남가좌동,342-24,,,,,,,평지,가로장방,세로한면(가),소형
710,노원구,상계동,1376-20,140.00,59.01,169.52,단독주택,31.0,6,급경사,사다리형,세로한면(불),소형
712,노원구,상계동,134-34,0.00,0.00,0.00,단독주택,33.4,4,완경사,정방형,세로한면(가),소형
713,노원구,상계동,135-9,,,,,,,평지,사다리형,소로한면,중형
716,노원구,상계동,138-164,149.00,59.52,186.51,단독주택,28.3,7,평지,가로장방,중로한면,중형
722,노원구,상계동,156-14,149.00,55.11,174.49,단독주택,23.2,3,평지,정방형,세로한면(불),소형
725,노원구,상계동,165-2,75.80,56.31,158.09,단독주택,28.9,5,평지,사다리형,세로한면(가),소형
726,노원구,상계동,169-353,167.69,100.00,94.85,단독주택,29.9,5,평지,세로장방,세로한면(가),소형
728,노원구,상계동,357-10,65.35,51.38,183.23,단독주택,27.1,19,평지,사다리형,세로한면(가),중형
729,노원구,상계동,387-24,400.00,59.99,123.46,단독주택,31.6,5,평지,정방형,세로한면(불),소형
730,노원구,상계동,387-32,81.10,59.94,118.99,단독주택,32.1,5,평지,정방형,세로한면(불),소형
737,노원구,상계동,456-64,79.44,59.96,114.49,단독주택,27.0,7,평지,세로장방,세로한면(가),소형
738,노원구,상계동,456-83,182.00,58.52,168.26,단독주택,30.0,7,평지,세로장방,세로각지(가),소형
739,노원구,상계동,456-87,207.00,59.83,147.04,단독주택,29.0,10,평지,세로장방,소로한면,중형
740,노원구,상계동,456-103,184.00,59.78,147.82,단독주택,30.6,7,평지,세로장방,세로한면(가),소형
741,노원구,상계동,456-150,189.00,59.78,157.43,단독주택,27.5,7,평지,세로장방,세로한면(가),소형
742,노원구,상계동,456-151,181.00,59.88,185.52,단독주택,28.4,7,평지,세로장방,세로한면(가),소형
775,노원구,중계동,75-14,181.00,53.95,165.09,단독주택,28.3,7,평지,사다리형,세로각지(가),소형
776,노원구,중계동,90-65,177.77,52.60,160.04,단독주택,32.7,7,평지,사다리형,세로한면(가),소형
587,도봉구,쌍문동,708-29,158.70,59.65,119.31,단독주택,28.3,5,평지,세로장방,소로한면,중형
589,도봉구,쌍문동,712-22,152.20,47.59,93.31,단독주택,33.1,4,평지,세로장방,세로한면(가),소형
594,도봉구,방학동,601-9,121.45,59.11,110.51,단독주택,30.4,5,평지,세로장방,세로한면(불),소형
598,도봉구,방학동,605-18,214.20,59.92,200.95,공동주택,22.1,12,평지,부정형,세로각지(가),소형
599,도봉구,방학동,605-21,174.90,59.90,172.61,단독주택,30.4,7,평지,정방형,세로한면(가),소형
602,도봉구,방학동,610-23,138.80,59.99,120.10,단독주택,29.3,5,평지,정방형,세로각지(가),소형
606,도봉구,방학동,623-17,340.00,59.20,136.66,공동주택,30.8,15,평지,세로장방,세로한면(가),소형
607,도봉구,방학동,623-24,134.10,59.85,187.79,단독주택,27.9,5,평지,정방형,세로한면(가),소형
610,도봉구,방학동,627-6,123.90,58.55,169.27,단독주택,29.7,7,평지,세로장방,세로한면(가),소형
612,도봉구,방학동,629-14,207.00,50.75,125.07,단독주택,28.2,7,평지,자루형,세로한면(가),소형
613,도봉구,방학동,630-37,145.80,59.75,168.81,단독주택,29.8,7,평지,세로장방,세로한면(가),소형
616,도봉구,방학동,632-73,165.30,59.23,118.47,단독주택,31.3,5,평지,가로장방,세로한면(가),소형
621,도봉구,방학동,640-43,146.90,59.95,158.15,단독주택,31.1,7,평지,세로장방,세로한면(가),소형
622,도봉구,방학동,643-26,206.00,55.31,150.12,단독주택,28.4,7,평지,사다리형,소로각지,중형
625,도봉구,방학동,658-1,111.30,59.78,104.27,단독주택,30.1,5,평지,사다리형,소로한면,중형
626,도봉구,방학동,660-28,120.00,52.95,140.33,단독주택,31.3,7,평지,자루형,소로한면,소형
627,도봉구,방학동,681-34,135.25,57.40,132.79,단독주택,28.7,5,평지,사다리형,세로한면(가),소형
629,도봉구,방학동,685-50,88.80,57.32,106.55,단독주택,34.3,4,평지,정방형,세로한면(불),소형
630,도봉구,방학동,686-12,213.80,54.88,101.44,단독주택,28.0,8,평지,자루형,세로한면(가),소형
631,도봉구,방학동,690-20,163.60,59.97,154.01,단독주택,29.9,7,평지,정방형,세로한면(가),소형
632,도봉구,방학동,693-5,137.02,59.94,162.41,단독주택,30.7,8,평지,사다리형,세로각지(가),소형
633,도봉구,방학동,693-15,120.70,59.66,190.58,단독주택,27.5,7,평지,정방형,세로한면(가),소형
634,도봉구,방학동,693-19,125.90,59.82,118.69,단독주택,28.3,3,평지,세로장방,세로한면(가),소형
637,도봉구,방학동,700-11,104.02,59.92,116.07,단독주택,28.9,5,평지,세로장방,세로한면(가),소형
638,도봉구,방학동,700-63,110.50,59.78,97.43,단독주택,34.4,4,평지,세로장방,세로한면(불),소형
662,도봉구,도봉동,558-9,172.70,56.58,174.66,공동주택,21.5,6,평지,세로장방,세로한면(불),소형
664,도봉구,도봉동,564-13,222.70,59.37,108.08,단독주택,28.1,5,평지,사다리형,세로한면(가),소형
668,도봉구,도봉동,570-21,205.58,59.98,174.85,단독주택,31.6,11,평지,세로장방,세로한면(가),소형
669,도봉구,도봉동,574-26,140.00,59.41,110.86,단독주택,33.1,5,평지,사다리형,세로각지(가),소형
675,도봉구,도봉동,602-39,172.73,59.78,157.11,단독주택,28.7,7,평지,세로장방,세로한면(가),소형
677,도봉구,도봉동,604-30,200.10,57.32,154.39,단독주택,26.8,7,평지,사다리형,세로한면(가),소형
678,도봉구,도봉동,605-2,129.22,56.53,101.08,단독주택,30.0,5,평지,사다리형,소로한면,중형
681,도봉구,도봉동,608-9,146.54,58.89,111.85,단독주택,30.6,5,평지,정방형,세로한면(가),소형
682,도봉구,도봉동,613-7,158.90,50.70,99.80,단독주택,34.4,5,평지,세로장방,세로한면(가),소형
683,도봉구,도봉동,615-47,269.70,59.71,189.36,공동주택,21.5,6,평지,정방형,세로한면(가),소형
684,도봉구,도봉동,616-6,259.20,33.10,63.49,단독주택,28.6,5,평지,자루형,세로한면(가),
685,도봉구,도봉동,616-7,165.15,59.89,172.97,단독주택,28.3,6,평지,자루형,세로한면(가),소형
687,도봉구,도봉동,622-23,177.36,55.80,115.68,단독주택,29.4,7,평지,가로장방,세로한면(가),소형
688,도봉구,도봉동,623-160,127.60,59.58,119.17,단독주택,28.0,5,평지,정방형,세로한면(불),소형
764,노원구,상계동,1054-37,,,,,,,평지,사다리형,세로한면(가),소형
765,노원구,상계동,1086-5,0.00,59.97,166.56,단독주택,25.6,7,평지,가로장방,세로한면(가),소형
766,노원구,상계동,1086-7,216.68,59.66,173.58,단독주택,27.3,7,평지,사다리형,세로한면(가),소형
767,노원구,상계동,1086-19,163.90,56.35,152.15,단독주택,27.5,5,평지,가로장방,세로한면(가),소형
768,노원구,상계동,1086-22,197.00,59.90,117.86,단독주택,28.5,5,평지,사다리형,세로한면(가),소형
770,노원구,상계동,1105-26,143.75,59.76,193.17,공동주택,20.3,8,평지,세로장방,소로각지,중형
771,노원구,상계동,1105-27,,,,,,,평지,사다리형,소로각지,중형
409,강북구,미아동,129-39,95.92,59.94,114.42,단독주택,30.5,5,평지,정방형,세로각지(가),소형
433,강북구,미아동,791-3224,136.95,57.77,104.04,단독주택,31.9,4,완경사,사다리형,소로각지,중형
452,강북구,수유동,125-10,170.90,59.87,116.74,단독주택,27.2,5,평지,세로장방,소로한면,중형
454,강북구,수유동,166-9,170.90,57.17,110.02,단독주택,32.3,6,평지,정방형,세로한면(가),소형
455,강북구,수유동,166-13,105.24,55.95,94.33,단독주택,31.7,4,평지,세로장방,세로한면(가),소형
457,강북구,수유동,175-45,170.50,59.15,149.28,단독주택,29.0,8,평지,정방형,세로각지(가),소형
462,강북구,수유동,270-70,172.20,51.85,142.43,단독주택,31.2,7,평지,사다리형,세로각지(가),소형
469,강북구,수유동,291-14,245.00,59.52,158.29,단독주택,27.4,7,평지,가로장방,세로한면(가),소형
473,강북구,수유동,313-43,251.00,50.70,114.28,단독주택,29.1,7,평지,사다리형,세로각지(가),소형
474,강북구,수유동,335-6,179.00,59.99,159.81,단독주택,22.0,6,평지,자루형,세로한면(가),
478,강북구,수유동,363-6,276.00,59.92,172.58,단독주택,31.0,12,평지,사다리형,세로한면(가),소형
479,강북구,수유동,391-339,181.00,54.54,132.02,단독주택,30.8,6,평지,사다리형,세로한면(가),소형
494,강북구,수유동,475-124,145.00,53.13,100.70,단독주택,30.2,5,평지,사다리형,세로한면(가),
508,강북구,수유동,527-49,231.00,58.82,176.45,단독주택,27.2,8,완경사,정방형,세로한면(불),소형
509,강북구,수유동,536-27,169.00,58.22,174.67,단독주택,29.2,7,평지,사다리형,소로한면,중형
510,강북구,수유동,540-46,200.00,59.30,191.40,공동주택,22.8,4,평지,가로장방,세로한면(가),소형
511,강북구,수유동,542-3,174.16,59.94,173.53,단독주택,28.3,7,평지,사다리형,세로한면(가),
515,강북구,수유동,567-20,161.17,49.75,99.50,단독주택,34.5,5,평지,정방형,세로각지(가),소형
516,강북구,수유동,567-27,197.80,47.68,60.46,단독주택,29.0,3,평지,세로장방,세로한면(가),소형
517,강북구,수유동,567-42,213.00,66.59,244.73,공동주택,29.4,15,평지,자루형,세로한면(가),소형
537,강북구,우의동,53-5,162.00,59.08,236.02,공동주택,27.1,1,평지,사다리형,세로한면(가),소형
543,강북구,우의동,109-1,159.00,49.90,97.35,단독주택,34.4,4,평지,부정형,세로각지(가),
544,강북구,우의동,117-4,383.00,52.63,127.05,공동주택,28.2,11,평지,사다리형,세로한면(가),소형
552,도봉구,쌍문동,75-52,176.00,52.06,149.91,단독주택,30.3,7,평지,자루형,세로한면(가),소형
553,도봉구,쌍문동,81-164,165.00,59.96,145.26,단독주택,31.4,6,평지,가로장방,세로한면(가),소형
557,도봉구,쌍문동,123-73,116.00,58.39,100.50,단독주택,30.1,5,평지,가로장방,세로한면(가),소형
560,도봉구,쌍문동,137-226,175.00,59.95,103.16,단독주택,32.0,5,평지,세로장방,소로한면,중형
561,도봉구,쌍문동,286-22,153.73,45.20,85.24,단독주택,33.4,6,평지,정방형,세로각지(가),소형
562,도봉구,쌍문동,291-2,171.00,59.69,189.19,공동주택,21.1,6,평지,세로장방,세로한면(불),소형
564,도봉구,쌍문동,315-181,116.00,56.38,98.28,단독주택,34.1,3,평지,세로장방,세로각지(가),소형
566,도봉구,쌍문동,357-35,130.00,59.58,117.86,단독주택,33.1,5,평지,사다리형,세로한면(가),소형
567,도봉구,쌍문동,361-17,,,,,,,평지,세로장방,세로한면(가),소형
568,도봉구,쌍문동,414-45,132.53,59.84,99.52,단독주택,32.3,5,평지,사다리형,세로한면(가),소형
569,도봉구,쌍문동,423-49,316.25,58.26,146.95,단독주택,27.9,18,평지,가로장방,세로한면(가),소형
570,도봉구,쌍문동,460-23,126.33,59.86,174.61,단독주택,30.2,6,완경사,세로장방,세로각지(가),소형
571,도봉구,쌍문동,460-129,185.00,58.64,160.05,단독주택,27.8,10,평지,사다리형,소로각지,중형
572,도봉구,쌍문동,460-175,169.00,59.94,116.83,단독주택,30.6,5,완경사,사다리형,세로한면(가),소형
738,노원구,상계동,456-83,182.00,58.52,168.26,단독주택,30.0,7,평지,세로장방,세로각지(가),소형
400,성북구,장위동,233-281,152.00,59.51,172.42,단독주택,28.1,6,평지,정방형,세로한면(가),소형
408,성북구,석관동,340-280,0.00,0.00,0.00,단독주택,33.1,5,완경사,사다리형,세로각지(가),소형
692,노원구,월계동,534-57,0.00,0.00,0.00,단독주택,33.8,11,완경사,정방형,세로각지(가),소형
693,노원구,월계동,534-78,,,,,,,평지,정방형,세로한면(가),소형
340,성북구,정릉동,254-85,157.13,57.62,164.49,단독주택,21.3,7,완경사,사다리형,세로한면(불),소형
341,성북구,정릉동,254-93,0.00,0.00,0.00,단독주택,32.1,3,완경사,사다리형,세로한면(불),소형
342,성북구,정릉동,266-55,,,,,,,평지,사다리형,소로각지,
343,성북구,정릉동,266-335,440.00,0.00,194.41,단독주택,36.1,6,완경사,세로장방,세로한면(불),소형
344,성북구,정릉동,266-338,0.00,55.09,0.00,단독주택,29.1,8,완경사,사다리형,세로한면(가),소형
347,성북구,정릉동,409-1,,,,,,,완경사,사다리형,세로한면(불),소형
356,성북구,정릉동,788-11,304.27,57.82,157.73,단독주택,28.0,12,완경사,사다리형,세로한면(가),소형
358,성북구,정릉동,822-14,,,,,,,완경사,사다리형,세로한면(가),소형
105,광진구,자양동,635-9,,,,,,,평지,세로장방,세로한면(가),
121,동대문구,전농동,55-12,,,,,,,평지,부정형,세로각지(가),소형
158,동대문구,장안동,404-14,,,,,,,평지,세로장방,소로한면,중형
164,동대문구,휘경동,286-139,,,,,,,평지,정방형,세로각지(가),소형
166,동대문구,이문동,63-10,,,,,,,평지,자루형,소로한면,
168,중랑구,면목동,42-37,,,,,,,평지,세로장방,소로한면,중형
169,중랑구,면목동,43-44,,,,,,,평지,가로장방,세로한면(가),소형
178,중랑구,면목동,113-63,,,,,,,평지,가로장방,세로한면(가),소형
184,중랑구,면목동,144-14,,,,,,,평지,가로장방,세로한면(불),소형
188,중랑구,면목동,177-24,,,,,,,평지,세로장방,세로한면(가),소형
189,중랑구,면목동,177-35,,,,,,,평지,세로장방,세로한면(가),소형
194,중랑구,면목동,191-115,,,,,,,평지,정방형,세로한면(가),소형
199,중랑구,면목동,379-17,,,,,,,평지,세로장방,소로각지,중형
200,중랑구,면목동,436-26,68.32,67.93,160.41,단독주택,31.4,4,평지,세로장방,세로한면(가),소형
211,중랑구,상봉동,124-43,85.48,56.72,113.43,단독주택,34.3,4,평지,정방형,세로한면(가),소형
212,중랑구,상봉동,124-56,225.00,53.07,152.27,단독주택,23.1,6,평지,세로장방,세로각지(가),소형
228,중랑구,중화동,10-17,452.47,56.89,94.83,단독주택,30.3,13,평지,사다리형,세로한면(가),소형
229,중랑구,중화동,34-4,129.00,44.70,89.40,단독주택,33.4,4,평지,사다리형,세로한면(가),중형
230,중랑구,중화동,110-69,150.00,49.72,97.77,단독주택,33.6,6,평지,사다리형,세로한면(가),소형
231,중랑구,중화동,135-21,116.70,59.77,111.83,단독주택,31.5,5,평지,사다리형,세로한면(가),소형
232,중랑구,중화동,158-54,135.20,51.09,115.20,단독주택,36.2,6,평지,세로장방,세로한면(가),소형
236,중랑구,중화동,286-15,159.00,55.04,144.87,단독주택,30.4,5,평지,정방형,세로한면(불),소형
249,중랑구,중화동,332-51,103.00,59.18,110.10,단독주택,30.2,5,평지,세로장방,세로각지(가),소형
279,중랑구,망우동,153-22,136.20,59.88,94.99,단독주택,32.0,5,평지,세로장방,세로각지(가),소형
280,중랑구,망우동,184-8,105.40,59.89,117.68,단독주택,30.9,5,평지,세로장방,중로한면,중형
284,중랑구,망우동,419-28,250.20,34.50,63.40,단독주택,34.5,4,평지,사다리형,세로각지(가),소형
286,중랑구,망우동,431-34,125.30,54.88,124.62,단독주택,34.0,6,평지,정방형,세로한면(가),소형
296,중랑구,망우동,460-12,171.60,55.03,150.77,단독주택,31.3,8,평지,자루형,세로한면(가),소형
297,중랑구,망우동,464-43,121.00,53.55,107.11,단독주택,33.7,5,평지,사다리형,세로한면(가),소형
299,중랑구,망우동,493-10,175.24,59.35,178.06,단독주택,29.8,7,평지,정방형,소로각지,중형
300,중랑구,망우동,509-25,105.40,59.28,125.96,단독주택,31.2,5,평지,정방형,소로한면,중형
303,중랑구,망우동,521-18,720.00,52.69,174.33,연립주택,29.1,5,평지,사다리형,세로각지(가),소형
307,중랑구,망우동,523-41,166.00,58.55,193.63,공동주택,21.8,9,평지,정방형,세로한면(가),소형
310,중랑구,신내동,441-2,162.52,59.54,153.94,단독주택,30.6,7,평지,사다리형,세로한면(가),
700,노원구,공릉동,415-69,347.00,51.23,142.45,단독주택,30.2,12,평지,세로장방,세로한면(가),소형
703,노원구,하계동,61-20,,,,,,,평지,정방형,세로각지(가),소형
706,노원구,하계동,161-3,,,,,,,평지,사다리형,중로한면,대형
2050,강동구,고덕동,165-1,186.60,51.07,131.62,단독주택,36.6,7,평지,세로장방,,
2052,강동구,고덕동,175-3,,,,,,,평지,세로장방,세로한면(가),소형
2053,강동구,고덕동,237-2,192.70,43.80,85.40,단독주택,28.7,9,평지,가로장방,세로한면(가),소형
2055,강동구,고덕동,238-6,187.60,45.30,87.90,단독주택,36.6,3,평지,세로장방,세로한면(가),소형
2056,강동구,고덕동,259-7,,,,,,,평지,세로장방,소로한면,중형
2057,강동구,고덕동,260-4,185.70,59.95,128.60,단독주택,28.2,8,평지,세로장방,소로한면,
2059,강동구,고덕동,270-2,193.90,56.32,128.73,단독주택,36.7,3,평지,세로장방,소로한면,중형
2062,강동구,고덕동,282-4,,,,,,,평지,세로장방,,
2063,강동구,고덕동,294-5,182.20,46.38,90.54,단독주택,38.3,6,평지,정방형,중로각지,중형
972,마포구,도화동,184-20,143.70,59.94,153.22,단독주택,21.2,6,평지,사다리형,세로한면(가),소형
975,마포구,염리동,27-125,,,,,,,완경사,사다리형,세로한면(불),소형
976,마포구,염리동,178-1,252.03,58.71,158.99,단독주택,28.2,8,평지,사다리형,세로한면(가),소형
977,마포구,신수동,62-8,,,,,,,평지,사다리형,세로한면(가),소형
915,서대문구,홍제동,267-119,,,,,,,완경사,부정형,세로한면(가),소형
935,서대문구,홍은동,9-234,,,,,,,평지,사다리형,세로한면(가),소형
122,동대문구,전농동,257-4,127.90,58.31,188.37,단독주택,22.5,6,평지,사다리형,세로한면(가),소형
127,동대문구,답십리동,463-28,203.90,59.99,126.49,공동주택,22.3,8,평지,세로장방,세로한면(불),소형
162,동대문구,회기동,102-42,247.00,58.34,165.22,단독주택,28.1,15,완경사,사다리형,세로한면(가),소형
163,동대문구,회기동,102-43,264.00,52.32,178.43,공동주택,21.5,10,완경사,사다리형,세로한면(가),소형
312,성북구,성북동,111-26,,,,,,,완경사,자루형,세로한면(가),소형
313,성북구,돈암동,2-21,,,,,,,완경사,사다리형,세로한면(불),소형
330,성북구,정릉동,16-221,,,,,,,평지,세로장방,세로각지(가),소형
352,성북구,정릉동,508-26,,,,,,,완경사,세로장방,소로한면,중형
373,성북구,종암동,125-58,,,,,,,완경사,정방형,세로한면(가),소형
374,성북구,종암동,125-84,,,,,,,평지,세로장방,소로한면,중형
